Date,AAPL,AMZN,BAC,GOOGL,JPM,MA,META,MSFT,TSLA,V,z_score,coint_p_vals,cp_day,locked_down,position
2019-12-31,70.65934753417969,92.39199829101562,30.070859909057617,66.3808822631836,116.48696899414062,287.2884826660156,203.46328735351562,148.7892608642578,27.8886661529541,179.0248565673828,,,,False,
2020-01-02,72.27153015136719,94.90049743652344,30.429445266723633,67.83251190185547,117.89917755126953,291.90679931640625,207.9538116455078,151.54421997070312,28.68400001525879,182.09280395507812,,,,False,
2020-01-03,71.56891632080078,93.74849700927734,29.797645568847656,67.47765350341797,116.34334564208984,289.0587463378906,206.85350036621094,149.65731811523438,29.534000396728516,180.64453125,,,,False,
2020-01-06,72.13920593261719,95.14399719238281,29.75494384765625,69.27621459960938,116.25086212158203,289.8284606933594,210.74928283691406,150.04408264160156,30.1026668548584,180.25393676757812,,,,False,
2020-01-07,71.79991149902344,95.34300231933594,29.55858039855957,69.14239501953125,114.2745132446289,288.84710693359375,211.20529174804688,148.67601013183594,31.270666122436523,179.77757263183594,,,,False,
2020-01-08,72.95489501953125,94.59850311279297,29.85740852355957,69.6345443725586,115.16597747802734,293.9437255859375,213.3464813232422,151.04420471191406,32.80933380126953,182.85498046875,,,,False,
2020-01-09,74.50455474853516,95.05249786376953,29.90863037109375,70.36556243896484,115.58647918701172,297.7973937988281,216.399658203125,152.93121337890625,32.089332580566406,184.12220764160156,,,,False,
2020-01-10,74.67298889160156,94.15799713134766,29.66103172302246,70.82002258300781,114.4343032836914,299.79168701171875,216.16175842285156,152.2235870361328,31.876667022705078,184.6176300048828,,,,False,
2020-01-13,76.268310546875,94.56500244140625,29.93425941467285,71.36865234375,115.38463592529297,303.6839294433594,219.9782257080078,154.05397033691406,34.990665435791016,186.10394287109375,,,,False,
2020-01-14,75.23844146728516,93.47200012207031,30.15623664855957,70.90081787109375,116.73021697998047,299.28106689453125,217.15304565429688,152.96896362304688,35.861331939697266,186.78993225097656,,,,False,
2020-01-15,74.916015625,93.10099792480469,29.601266860961914,71.32752227783203,114.98094940185547,302.7590026855469,219.224853515625,153.95962524414062,34.56666564941406,190.36280822753906,,,,False,
2020-01-16,75.85442352294922,93.89700317382812,29.643957138061523,71.87071990966797,115.42666625976562,308.5878601074219,219.8394775390625,156.7806396484375,34.232666015625,191.45849609375,,,,False,
2020-01-17,76.69422149658203,93.23600006103516,29.63542366027832,73.32579803466797,116.22563934326172,311.8249816894531,220.20626831054688,157.65814208984375,34.03333282470703,195.03135681152344,,,,False,
2020-01-21,76.17447662353516,94.5999984741211,29.251211166381836,73.46110534667969,115.08184051513672,310.1582336425781,219.51234436035156,157.0919952392578,36.47999954223633,197.49903869628906,,,,False,
2020-01-22,76.44638061523438,94.37300109863281,29.336593627929688,73.54139709472656,114.94732666015625,312.4512634277344,219.3933868408203,156.3372344970703,37.97066879272461,198.08018493652344,,,,False,
2020-01-23,76.8145523071289,94.22899627685547,29.131675720214844,73.58203125,114.82952880859375,313.0967712402344,217.8469696044922,157.29957580566406,38.14666748046875,196.76539611816406,,,,False,
2020-01-24,76.59314727783203,93.08200073242188,28.636476516723633,72.66416931152344,111.97859191894531,311.8345947265625,216.04281616210938,155.71450805664062,37.654666900634766,195.3171844482422,,,,False,
2020-01-27,74.34090423583984,91.41699981689453,28.047351837158203,70.95730590820312,111.03668212890625,304.2235412597656,212.99951171875,153.1104736328125,37.201332092285156,192.16355895996094,,,,False,
2020-01-28,76.4439697265625,92.6624984741211,28.380334854125977,71.88756561279297,113.05506134033203,308.5589599609375,215.8941192626953,156.11082458496094,37.793331146240234,193.2687530517578,,,,False,
2020-01-29,78.04411315917969,92.9000015258789,28.1839542388916,72.19482421875,112.88685607910156,308.6071472167969,221.2867431640625,158.54498291015625,38.732666015625,195.1837615966797,,,,False,
2020-01-30,77.93103790283203,93.53399658203125,28.585248947143555,72.07341766357422,114.28289794921875,312.5956726074219,207.70603942871094,163.0171661376953,42.72066879272461,198.37554931640625,,,,False,
2020-01-31,74.47566223144531,100.43599700927734,28.0302734375,71.00934600830078,111.31420135498047,304.38726806640625,200.15234375,160.61126708984375,43.371334075927734,189.57199096679688,,,,False,
2020-02-03,74.27113342285156,100.20999908447266,28.149810791015625,73.47843933105469,112.1635971069336,312.6534729003906,202.4125213623047,164.5267791748047,52.0,191.32508850097656,,,,False,
2020-02-04,76.72308349609375,102.4834976196289,28.704776763916016,71.63529968261719,113.7783432006836,317.0853271484375,208.00338745117188,169.9424285888672,59.137332916259766,193.9451904296875,,,,False,
2020-02-05,77.34872436523438,101.99349975585938,29.63542366027832,71.66699981689453,115.71263885498047,316.3144836425781,208.28097534179688,169.73487854003906,48.97999954223633,193.23060607910156,,,,False,
2020-02-06,78.25345611572266,102.5114974975586,29.601266860961914,73.14987182617188,115.72942352294922,317.25872802734375,209.0145263671875,173.2541046142578,49.930667877197266,193.4497528076172,,,,False,
2020-02-07,77.1897964477539,103.96399688720703,29.5500431060791,73.30548095703125,115.359375,315.04290771484375,210.48162841796875,173.49937438964844,49.871334075927734,193.1639404296875,,,,False,
2020-02-10,77.5564193725586,106.69550323486328,29.61833381652832,74.77000427246094,115.8387680053711,318.202880859375,211.20529174804688,178.03762817382812,51.41866683959961,196.2604522705078,,,,False,
2020-02-11,77.08850860595703,107.54000091552734,29.686643600463867,74.8393783569336,116.05741882324219,318.81951904296875,205.38638305664062,174.0183563232422,51.62533187866211,194.30726623535156,,,,False,
2020-02-12,78.9191665649414,108.0,29.81471061706543,75.26411437988281,116.05741882324219,321.9410400390625,208.92527770996094,174.27308654785156,51.15266799926758,197.64193725585938,,,,False,
2020-02-13,78.35717010498047,107.49349975585938,29.80617904663086,75.00443267822266,115.95648956298828,323.55950927734375,211.28457641601562,173.32958984375,53.599998474121094,197.89002990722656,,,,False,
2020-02-14,78.37647247314453,106.74349975585938,29.75494384765625,75.26908111572266,115.60328674316406,328.48272705078125,212.31553649902344,174.87693786621094,53.33533477783203,200.64752197265625,,,,False,
2020-02-18,76.94135284423828,107.78350067138672,29.25974464416504,75.30426025390625,114.07266235351562,328.7621765136719,215.9040069580078,176.6506805419922,57.22666549682617,201.51576232910156,,0.5380474669690484,,False,
2020-02-19,78.0556869506836,108.51100158691406,29.643957138061523,75.57337188720703,115.62854766845703,331.960693359375,215.5967254638672,177.1804962158203,61.16133117675781,203.5290069580078,,0.522203696422378,,False,
2020-02-20,77.2549057006836,107.65499877929688,29.75494384765625,75.1828384399414,115.62854766845703,331.854736328125,212.71206665039062,174.4747314453125,59.96066665649414,201.75430297851562,,0.5145032014818501,,False,
2020-02-21,75.50623321533203,104.79850006103516,29.336593627929688,73.52106475830078,114.21564483642578,327.2784729003906,208.35035705566406,168.95912170410156,60.06666564941406,199.23533630371094,,0.49520234274058805,,False,
2020-02-24,71.91966247558594,100.4645004272461,27.94489860534668,70.36901092529297,111.14601135253906,312.79803466796875,198.9727325439453,161.6743621826172,55.58599853515625,189.6748046875,-1.831334162086024,0.46058073702477503,1.0,False,
2020-02-25,69.48362731933594,98.63700103759766,26.53612518310547,68.70677185058594,106.18412017822266,291.8144226074219,195.05711364746094,159.00640869140625,53.32733154296875,179.76121520996094,-1.0893309661913797,0.6005970255544767,2.0,False,1.0
2020-02-26,70.58586120605469,98.97949981689453,26.15191078186035,68.91242218017578,106.50371551513672,287.141845703125,195.48336791992188,160.99313354492188,51.91999816894531,178.62582397460938,-0.025935456171083796,0.6075198404049262,3.0,False,1.0
2020-02-27,65.97179412841797,94.21499633789062,24.871212005615234,65.16962432861328,102.0716781616211,275.3687438964844,188.09820556640625,149.64976501464844,45.266666412353516,171.75595092773438,0.02369586224801943,0.506747259169938,4.0,False,0.0
2020-02-28,65.93318939208984,94.1875,24.33331871032715,66.37394714355469,97.64801788330078,279.6366271972656,190.79454040527344,153.27322387695312,44.53266525268555,173.4257049560547,0.12034197351808221,0.5148976561202467,5.0,False,0.0
2020-03-02,72.07162475585938,97.69750213623047,25.076128005981445,68.70677185058594,102.19779968261719,295.52374267578125,194.72999572753906,163.4718780517578,49.574668884277344,183.51100158691406,1.6274448444145193,0.675336461905326,6.0,False,0.0
2020-03-03,69.78268432617188,95.44950103759766,23.692968368530273,66.2981185913086,98.36286163330078,281.32269287109375,184.27182006835938,155.63841247558594,49.70066833496094,177.21365356445312,1.6207295426432342,0.5610199643638305,7.0,False,-1.0
2020-03-04,73.01953125,98.79149627685547,24.239404678344727,68.47283172607422,100.7933349609375,291.3038330078125,190.09071350097656,161.3527069091797,49.96666717529297,185.38111877441406,1.7217434124470514,0.6172526529631928,8.0,False,-1.0
2020-03-05,70.65099334716797,96.20149993896484,23.01067543029785,65.16020965576172,95.84828186035156,280.0990905761719,183.55807495117188,157.30352783203125,48.30266571044922,178.3872528076172,0.7987555906295449,0.6476594783422813,9.0,False,-1.0
2020-03-06,69.71273803710938,95.05449676513672,22.091278076171875,64.21756744384766,90.89482879638672,276.51519775390625,179.51358032226562,152.8569793701172,46.89866638183594,175.906494140625,0.29281140876878825,0.3024323618466529,10.0,False,-1.0
2020-03-09,64.19902801513672,90.03050231933594,18.843324661254883,60.25520324707031,78.5826416015625,252.42930603027344,168.02444458007812,142.4974365234375,40.53333282470703,163.28314208984375,-0.3465036672556914,0.2425808851311877,11.0,False,-1.0
2020-03-10,68.8227310180664,94.59100341796875,20.2868595123291,63.1981086730957,84.68827056884766,270.3105773925781,176.6388702392578,152.24197387695312,43.02199935913086,174.22714233398438,0.6800544751729176,0.3173648085824843,12.0,False,-1.0
2020-03-11,66.43247985839844,91.04299926757812,19.479162216186523,60.01285171508789,80.70195007324219,259.8958740234375,168.75802612304688,145.34510803222656,42.28200149536133,165.01966857910156,-1.7004210414233436,0.36308506754693126,13.0,False,-1.0
2020-03-12,59.87196350097656,83.83049774169922,17.62318229675293,55.089012145996094,74.0497055053711,232.66925048828125,153.1252899169922,131.5608673095703,37.369998931884766,152.73977661132812,-0.5424224514428548,0.16855593816487963,14.0,False,1.0
2020-03-13,67.04511260986328,89.25,20.759441375732422,60.17987060546875,87.38788604736328,260.13671875,168.7976837158203,150.2646942138672,36.44133377075195,167.76760864257812,0.4551910383556789,0.680071320381012,15.0,False,1.0
2020-03-16,58.419952392578125,84.4574966430664,17.563037872314453,53.1784553527832,74.3104019165039,227.03314208984375,144.73895263671875,128.1171417236328,29.67133331298828,145.03982543945312,-1.6877606827592855,0.0451518580142605,16.0,False,1.0
2020-03-17,60.988685607910156,90.39199829101562,18.88628387451172,55.41164779663086,78.85176086425781,229.18161010742188,148.11927795410156,138.66586303710938,28.68000030517578,150.65023803710938,0.3120472432972282,0.0041428182172783025,17.0,False,1.0
2020-03-18,59.49570083618164,91.5,17.8637752532959,54.0799674987793,70.55113220214844,219.59548950195312,145.68069458007812,132.82858276367188,24.08133316040039,141.67169189453125,-0.9271643024717213,0.005585762475320536,18.0,False,1.0
2020-03-19,59.039825439453125,94.04650115966797,18.216068267822266,55.09495544433594,71.73695373535156,218.84396362304688,151.79698181152344,135.0140380859375,28.50933265686035,145.268798828125,0.7271381290818184,0.5222383569122231,19.0,False,1.0
2020-03-20,55.29165267944336,92.30449676513672,16.901416778564453,52.941062927246094,70.22315216064453,203.68914794921875,148.4265899658203,129.9430389404297,28.50200080871582,140.09735107421875,1.1821906707579684,0.4654364918708727,20.0,False,1.0
2020-03-23,54.117034912109375,95.1415023803711,15.535208702087402,52.243247985839844,66.4638900756836,195.86611938476562,146.81077575683594,128.64694213867188,28.952667236328125,129.515869140625,-0.7703932032332717,0.12434167864817214,21.0,False,-1.0
2020-03-24,59.54634094238281,97.00499725341797,18.069997787475586,56.0038948059082,74.36927032470703,228.40127563476562,159.57867431640625,140.3404083251953,33.66666793823242,147.44424438476562,-0.4459607679112455,0.3224016077408362,22.0,False,-1.0
2020-03-25,59.21832275390625,94.29199981689453,18.130146026611328,54.59687805175781,77.14454650878906,247.10150146484375,154.8501739501953,138.99697875976562,35.95000076293945,154.36187744140625,-1.0368954248910174,0.001380290968666135,23.0,False,-1.0
2020-03-26,62.334571838378906,97.77449798583984,19.522125244140625,57.63493347167969,82.51850891113281,253.55648803710938,161.9181365966797,147.69140625,35.21066665649414,161.1363067626953,0.11433345696557286,0.010000979198949165,24.0,False,1.0
2020-03-27,59.75376892089844,95.00499725341797,18.559768676757812,55.025081634521484,76.63995361328125,238.59437561035156,155.42510986328125,141.6270751953125,34.29066848754883,154.1519317626953,0.4765761379673972,0.0035643420784628307,25.0,False,0.0
2020-03-30,61.459014892578125,98.19750213623047,18.937837600708008,56.81174087524414,78.63309478759766,243.9896240234375,164.50540161132812,151.5892333984375,33.47533416748047,157.9781036376953,1.257504064650427,0.00438678832522717,26.0,False,0.0
2020-03-31,61.33360290527344,97.48600006103516,18.241846084594727,57.58686065673828,75.71485137939453,232.72705078125,165.3479766845703,149.20513916015625,34.93333435058594,153.73211669921875,1.2951320516793612,0.004468556057594844,27.0,False,-1.0
2020-04-01,58.10641860961914,95.38500213623047,16.98734474182129,54.620662689208984,70.94640350341797,220.2505645751953,158.21067810058594,143.90711975097656,32.104000091552734,146.08938598632812,0.5312654423841905,0.006799312002939314,28.0,False,-1.0
2020-04-02,59.076011657714844,95.94149780273438,17.674741744995117,55.36060333251953,73.59553527832031,230.14508056640625,156.81292724609375,146.8872833251953,30.29800033569336,150.17311096191406,-0.4768227704667312,0.005884877313991763,29.0,False,-1.0
2020-04-03,58.22699737548828,95.32949829101562,17.21074676513672,54.15479278564453,71.42021942138672,228.3627166748047,152.8378448486328,145.5343780517578,32.000667572021484,144.88717651367188,-1.874795574229409,0.00472282616115225,30.0,False,-1.0
2020-04-06,63.30656814575195,99.87950134277344,18.379331588745117,58.639530181884766,76.01729583740234,256.2155456542969,164.10887145996094,156.357421875,34.41600036621094,161.6705780029297,-0.6216795672030455,0.01142434863387693,31.0,False,1.0
2020-04-07,62.573333740234375,100.58000183105469,19.02375602722168,58.608306884765625,77.01995849609375,249.60641479492188,167.3603057861328,154.6734161376953,36.36333465576172,160.8595428466797,0.481314758961329,0.007281163419481165,32.0,False,1.0
2020-04-08,64.17488098144531,102.1500015258789,20.149381637573242,59.819557189941406,80.1300048828125,261.4460754394531,172.7628631591797,156.22499084472656,36.589332580566406,166.9184112548828,0.546160655081344,0.002810032508638904,33.0,False,1.0
2020-04-09,64.63798522949219,102.13800048828125,21.360919952392578,59.798255920410156,87.31876373291016,259.950439453125,173.6649627685547,156.23443603515625,38.20000076293945,165.7257080078125,0.3884455062403576,0.4067351798746268,34.0,False,1.0
2020-04-13,65.90667724609375,108.44349670410156,20.553220748901367,59.98856735229492,83.43547058105469,254.1029815673828,173.26844787597656,156.58453369140625,43.39666748046875,161.24127197265625,-0.22326067706611738,0.0035312459154476206,35.0,False,1.0
2020-04-14,69.23514556884766,114.16600036621094,20.389963150024414,62.705482482910156,81.14968872070312,261.22406005859375,176.6190185546875,164.33282470703125,47.32600021362305,166.6130828857422,0.30419648267113303,0.6754403086898132,36.0,False,1.0
2020-04-15,68.60322570800781,115.38400268554688,19.06672477722168,62.312461853027344,77.14744567871094,248.12045288085938,175.42947387695312,162.61093139648438,48.65533447265625,158.3501434326172,-1.1096419273667792,0.006710518855401157,37.0,False,1.0
2020-04-16,69.1483383178711,120.40950012207031,18.405101776123047,62.31889724731445,74.20735931396484,238.10450744628906,174.71571350097656,167.49267578125,49.680667877197266,154.97250366210938,1.1298114724034771,0.9637026109745884,38.0,False,1.0
2020-04-17,68.21007537841797,118.75,20.0033016204834,63.3879280090332,80.87776184082031,250.8511962890625,177.67971801757812,168.9685821533203,50.259334564208984,161.76600646972656,0.8141750042667876,0.002148506377199494,39.0,False,-1.0
2020-04-20,66.79428100585938,119.68049621582031,19.333093643188477,62.503273010253906,77.92916870117188,242.90023803710938,176.68841552734375,165.61944580078125,49.75733184814453,156.6899871826172,0.148941012600929,0.0013885247479638884,40.0,False,-1.0
2020-04-21,64.7296371459961,116.40599822998047,18.594139099121094,60.07529830932617,75.66888427734375,236.74398803710938,169.3131561279297,158.76992797851562,45.781333923339844,153.16917419433594,-0.27740881452465505,0.00012359194144401968,41.0,False,0.0
2020-04-22,66.59406280517578,118.17449951171875,18.731613159179688,62.36748123168945,75.9153060913086,247.8984832763672,180.69325256347656,164.16250610351562,48.807334899902344,158.95126342773438,-0.4168039251589304,0.0003351026843005361,42.0,False,0.0
2020-04-23,66.33598327636719,119.97250366210938,18.791765213012695,62.99987030029297,75.95780944824219,246.88534545898438,183.51841735839844,162.17579650878906,47.04199981689453,158.75094604492188,-0.21541254536899204,0.3261716036953404,43.0,False,0.0
2020-04-24,68.25109100341797,120.51100158691406,19.05812644958496,63.268978118896484,77.07946014404297,249.68362426757812,188.41542053222656,165.1370086669922,48.34333419799805,159.64779663085938,-0.818258304322236,0.5760826071152263,44.0,False,0.0
2020-04-27,68.29931640625,118.80000305175781,20.16655731201172,62.984500885009766,80.40193176269531,255.8206024169922,185.8677978515625,164.66397094726562,53.25,163.88421630859375,1.8418492189610356,0.4467663250912548,45.0,False,1.0
2020-04-28,67.1922378540039,115.7040023803711,20.527448654174805,61.087825775146484,80.97125244140625,255.31875610351562,181.31776428222656,160.65261840820312,51.27466583251953,163.39756774902344,0.9219068748602938,0.24048445147821862,46.0,False,-1.0
2020-04-29,69.39920806884766,118.635498046875,21.292179107666016,66.51915740966797,83.15505981445312,273.7391662597656,192.49954223632812,167.8616485595703,53.367332458496094,173.4542999267578,1.283395280594153,0.6574778332740403,47.0,False,-1.0
2020-04-30,70.86323547363281,123.69999694824219,20.664926528930664,66.74317169189453,81.37061309814453,265.32501220703125,202.92799377441406,169.54571533203125,52.12533187866211,170.52505493164062,1.7783297464299783,0.7107450217323611,48.0,False,-1.0
2020-05-01,69.72238159179688,114.302001953125,19.831459045410156,65.28707885742188,79.23778533935547,259.3135070800781,200.5092010498047,165.15589904785156,46.75466537475586,167.51951599121094,1.2024202117751077,0.005621485795758455,49.0,False,-1.0
2020-05-04,70.70886993408203,115.79949951171875,19.70256805419922,65.56363677978516,78.29459381103516,259.8152770996094,203.47315979003906,169.1956329345703,50.74599838256836,168.0729217529297,1.0359762864577295,0.7897811364231444,50.0,False,-1.0
2020-05-05,71.7701187133789,115.88999938964844,19.47056770324707,66.85813903808594,78.17561340332031,264.3697814941406,205.26742553710938,171.01214599609375,51.2140007019043,170.25794982910156,0.3616693734944408,0.9641639122834644,51.0,False,-1.0
2020-05-06,72.51060485839844,117.56300354003906,19.20420265197754,66.68021392822266,76.70557403564453,262.8838195800781,206.6552276611328,172.6961212158203,52.172000885009766,170.58230590820312,0.9771388849678887,0.0025089480277124872,52.0,False,-1.0
2020-05-07,73.2607192993164,118.38050079345703,19.625240325927734,67.86224365234375,77.50431060791016,268.7021789550781,209.42092895507812,173.6989288330078,52.00266647338867,174.34164428710938,1.409016155475134,0.13603227474292806,53.0,False,-1.0
2020-05-08,75.00444793701172,118.98049926757812,20.25248146057129,68.60863494873047,78.77041625976562,272.5329895019531,210.50146484375,174.72073364257812,54.62799835205078,176.60301208496094,0.404322678865605,0.1757801337439059,54.0,False,-1.0
2020-05-11,76.18465423583984,120.44999694824219,19.401832580566406,69.56266784667969,76.45066833496094,271.3654479980469,211.32423400878906,176.66964721679688,54.08599853515625,175.1431427001953,-1.6367193694510607,0.038919150482932534,55.0,False,-1.0
2020-05-12,75.31401824951172,117.84750366210938,18.791765213012695,68.15465545654297,73.95243072509766,262.5653381347656,208.27105712890625,172.667724609375,53.96066665649414,171.24073791503906,0.5404644963649166,0.15668468856908935,56.0,False,1.0
2020-05-13,74.40467834472656,118.39600372314453,17.93251609802246,66.82396697998047,71.40322875976562,259.7187194824219,203.31460571289062,170.05657958984375,52.73066711425781,169.2527618408203,-0.3514433106429103,0.33190319619252023,57.0,False,1.0
2020-05-14,74.86174774169922,119.44249725341797,18.654281616210938,67.24671173095703,74.36878967285156,267.5828857421875,205.00967407226562,170.7945098876953,53.55533218383789,172.89414978027344,-1.53715920873326,0.3386390515466522,58.0,False,1.0
2020-05-15,74.41918182373047,120.48899841308594,18.422285079956055,68.04957580566406,72.99224090576172,269.1558532714844,209.0442657470703,173.28273010253906,53.27799987792969,175.3695068359375,0.48246355135540836,0.16006374895459924,59.0,False,1.0
2020-05-18,76.17256927490234,121.31300354003906,19.70256805419922,68.6502685546875,76.85850524902344,279.7313232421875,211.3341522216797,174.93832397460938,54.242000579833984,182.9103240966797,0.5615553416692904,0.20788925145887038,60.0,False,1.0
2020-05-19,75.73240661621094,122.46649932861328,19.083908081054688,68.11599731445312,75.34600830078125,280.5322265625,214.99203491210938,173.72732543945312,53.867332458496094,180.979736328125,-1.804344081642973,0.03319903783129008,61.0,False,1.0
2020-05-20,77.20529174804688,124.89700317382812,19.685382843017578,69.8387222290039,77.60628509521484,288.3191833496094,227.96807861328125,176.1370391845703,54.37066650390625,185.28054809570312,-1.3906188461214057,0.031346079822391355,62.0,False,1.0
2020-05-21,76.62966918945312,122.33699798583984,19.676794052124023,69.71928405761719,76.62059020996094,283.93841552734375,229.375732421875,174.02145385742188,55.17333221435547,182.18399047851562,-1.011491526713914,0.013252288561684368,63.0,False,1.0
2020-05-22,77.12303924560547,121.84400177001953,19.47056770324707,70.04093933105469,76.0257797241211,284.5655822753906,232.86508178710938,174.09732055664062,54.45866775512695,182.413330078125,-0.7642128892642328,0.15005093761947336,64.0,False,1.0
2020-05-26,76.60066223144531,121.09300231933594,20.862550735473633,70.44386291503906,81.42159271240234,292.690185546875,230.1786651611328,172.25680541992188,54.591331481933594,184.66888427734375,-1.4589781657294956,0.1614231659765939,65.0,False,1.0
2020-05-27,76.93439483642578,120.51950073242188,22.323274612426758,70.38984680175781,86.13763427734375,289.25518798828125,227.1453094482422,172.48452758789062,54.68199920654297,184.28660583496094,-0.09100201231022802,0.6531291510648637,66.0,False,1.0
2020-05-28,76.96826171875,120.05500030517578,21.360919952392578,70.28873443603516,84.85453796386719,291.69635009765625,223.4973602294922,172.09555053710938,53.72066879272461,185.66285705566406,0.14374934089963984,0.5893371072855306,67.0,False,0.0
2020-05-29,76.8932876586914,122.11849975585938,20.725072860717773,71.0460205078125,82.68769836425781,290.3359069824219,223.1305694580078,173.8506622314453,55.66666793823242,186.59950256347656,1.360600311561812,0.5764180228932295,68.0,False,0.0
2020-06-01,77.83891296386719,123.552001953125,21.146108627319336,71.11293029785156,83.78386688232422,290.82794189453125,229.89117431640625,173.4522247314453,59.87333297729492,185.74888610839844,0.457242060889928,0.42054751844011207,69.0,False,-1.0
2020-06-02,78.19923400878906,123.62049865722656,21.343732833862305,71.4816665649414,84.06427764892578,292.9411315917969,230.69415283203125,175.425537109375,58.770668029785156,187.6699676513672,0.7692813494844932,0.20272580109747135,70.0,False,-1.0
2020-06-03,78.62974548339844,123.91999816894531,22.331872940063477,71.33000946044922,88.60186767578125,296.2991027832031,228.1564178466797,175.85243225097656,58.86399841308594,188.15737915039062,-0.8902316373683664,0.2942121098397126,71.0,False,-1.0
2020-06-04,77.95258331298828,123.02999877929688,23.171154022216797,70.09346771240234,90.44578552246094,290.7991027832031,224.3201141357422,173.5375518798828,57.62533187866211,185.07028198242188,-0.5243462294317058,0.6705382332561683,72.0,False,1.0
2020-06-05,80.17274475097656,124.1500015258789,24.32192039489746,71.3681640625,94.51602935791016,300.9404602050781,228.7611083984375,177.59805297851562,59.04399871826172,190.77609252929688,-0.76268920931015,0.7514373520452822,73.0,False,1.0
2020-06-08,80.64676666259766,126.2030029296875,24.69397735595703,71.76563262939453,96.40242004394531,299.5220031738281,229.38560485839844,178.69850158691406,63.327999114990234,190.76658630371094,0.9621745870849147,0.3001893633436885,74.0,False,1.0
2020-06-09,83.19341278076172,130.04299926757812,24.417095184326172,71.96586608886719,93.9297103881836,300.56402587890625,236.59234619140625,180.06471252441406,62.711334228515625,190.26954650878906,-0.4504473491036403,0.7717281570764338,75.0,False,-1.0
2020-06-10,85.33379364013672,132.37249755859375,23.015405654907227,72.59131622314453,90.12286376953125,302.1658020019531,234.6692352294922,186.74356079101562,68.336669921875,191.6075897216797,1.0167063217690084,0.7314612978399835,76.0,False,-1.0
2020-06-11,81.23686981201172,127.89800262451172,20.705215454101562,69.47889709472656,82.60272979736328,281.03399658203125,222.47628784179688,176.71575927734375,64.85600280761719,180.52099609375,1.5321304120629289,0.7411808965846216,77.0,False,-1.0
2020-06-12,81.93824768066406,127.2509994506836,21.440673828125,70.02507781982422,84.86304473876953,287.3446044921875,226.59019470214844,178.11036682128906,62.35200119018555,183.75137329101562,0.7679936209028422,0.5513284030804567,78.0,False,-1.0
2020-06-15,82.95158386230469,128.63400268554688,21.760805130004883,70.41264343261719,86.0356674194336,286.746337890625,230.47605895996094,179.24880981445312,66.05999755859375,183.27349853515625,0.15970019798695023,0.4896593519672574,79.0,False,-1.0
2020-06-16,85.14998626708984,130.7635040283203,22.323219299316406,71.6878433227539,86.72396087646484,293.7999267578125,233.5986328125,183.64132690429688,65.47533416748047,184.34396362304688,-1.851283666605959,0.023145275533269772,80.0,False,0.0
2020-06-17,85.03146362304688,132.0489959716797,21.63102912902832,71.9886474609375,84.53163146972656,293.1052551269531,233.4796905517578,184.27694702148438,66.11933135986328,184.99391174316406,-0.7224183387958342,0.08099895333836155,81.0,False,1.0
2020-06-18,85.0653305053711,132.69900512695312,21.665634155273438,71.07575988769531,84.0727767944336,294.156982421875,233.8861083984375,186.25025939941406,66.9306640625,185.32838439941406,-0.5943986690856513,0.045988700844278876,82.0,False,1.0
2020-06-19,84.57920837402344,133.75050354003906,21.847332000732422,70.60591888427734,83.1125717163086,286.09991455078125,236.71128845214844,185.1402587890625,66.72666931152344,183.69403076171875,1.2382782175300902,0.24071751820844012,83.0,False,1.0
2020-06-22,86.7921371459961,135.6909942626953,21.302228927612305,71.89547729492188,82.21185302734375,293.7613220214844,237.13755798339844,190.2822723388672,66.28800201416016,186.33192443847656,0.42939913271387825,0.04206534031473186,84.0,False,-1.0
2020-06-23,88.64469146728516,138.2205047607422,21.44931983947754,72.55562591552734,83.21456146240234,296.1156921386719,240.13128662109375,191.55352783203125,66.78533172607422,189.20870971679688,1.288440832657627,0.04921570175003966,85.0,False,-1.0
2020-06-24,87.0799331665039,136.72000122070312,20.60138702392578,71.00537109375,80.4359130859375,283.69720458984375,231.9828643798828,187.6922607421875,64.0566635131836,182.93905639648438,0.9196438340945415,0.03570399941383511,86.0,False,-1.0
2020-06-25,88.23597717285156,137.72900390625,21.388757705688477,71.42168426513672,83.24003601074219,287.5569152832031,233.62835693359375,190.06407165527344,65.73200225830078,185.395263671875,0.9323582331669077,0.0472959192281161,87.0,False,-1.0
2020-06-26,85.52484893798828,134.64349365234375,20.03032684326172,67.52821350097656,78.67694854736328,279.19097900390625,214.19900512695312,186.2597198486328,63.982666015625,180.8937225341797,0.32434290360716306,0.029512481221014138,88.0,False,-1.0
2020-06-29,87.49591064453125,134.0189971923828,20.23798370361328,69.24449157714844,79.02532958984375,282.6549987792969,218.71926879882812,188.26148986816406,67.29000091552734,182.9103240966797,0.3865778192852377,0.05250067880333412,89.0,False,-1.0
2020-06-30,88.22628784179688,137.9409942626953,20.54947280883789,70.27931213378906,79.92607879638672,285.32794189453125,225.0933380126953,193.07147216796875,71.98733520507812,184.62109375,1.0083166064907605,0.11122682298059872,90.0,False,-1.0
2020-07-01,88.05941772460938,143.93499755859375,20.125503540039062,71.46627807617188,79.24628448486328,290.6061706542969,235.4821014404297,194.200439453125,74.64199829101562,185.20411682128906,-1.954782310280154,0.5377837762140254,91.0,False,-1.0
2020-07-02,88.05941772460938,144.51499938964844,20.151460647583008,72.85051727294922,79.50370025634766,291.81219482421875,231.3880615234375,195.68045043945312,80.57733154296875,187.01048278808594,-0.0046062822876035605,0.006254094332394215,92.0,False,1.0
2020-07-06,90.41503143310547,152.8520050048828,20.47159767150879,74.3234634399414,81.5114517211914,294.8517150878906,238.1883544921875,199.89271545410156,91.43866729736328,189.0079803466797,0.8243897843425086,0.4911390956352533,93.0,False,0.0
2020-07-07,90.1344985961914,150.00599670410156,19.90919303894043,73.84123229980469,79.21196746826172,289.3902587890625,238.76329040527344,197.568359375,92.65733337402344,185.60552978515625,-0.415304596688209,0.5843147402704091,94.0,False,-1.0
2020-07-08,92.23371124267578,154.0554962158203,19.98706817626953,74.51923370361328,80.05281829833984,290.0085754394531,241.45960998535156,201.9134521484375,91.05867004394531,186.43704223632812,0.335539743010096,0.5392067137208794,95.0,False,-1.0
2020-07-09,92.6303482055664,159.13150024414062,19.701536178588867,75.26559448242188,78.31963348388672,284.6364440917969,242.37158203125,203.32699584960938,92.9520034790039,183.70364379882812,-0.07311620308106812,0.4245737323450215,96.0,False,-1.0
2020-07-10,92.79238891601562,160.0,20.7830867767334,76.27415466308594,82.60112762451172,285.6896667480469,242.9366455078125,202.7103271484375,102.97666931152344,184.028564453125,-1.065551036794106,0.4423363912890531,97.0,False,0.0
2020-07-13,92.36432647705078,155.1999969482422,20.930177688598633,74.94692993164062,83.78519439697266,280.37548828125,236.91946411132812,196.44891357421875,99.80400085449219,180.65476989746094,-1.6938636258263295,0.4993644469716911,98.0,False,1.0
2020-07-14,93.8927993774414,154.1999969482422,20.886919021606445,75.37464141845703,84.26567840576172,288.84918212890625,237.64312744140625,197.66323852539062,101.12000274658203,184.77403259277344,-0.9427248335959645,0.5511397235519364,99.0,False,1.0
2020-07-15,94.53854370117188,150.44349670410156,21.284929275512695,75.17739868164062,85.5698471069336,295.3903503417969,238.1883544921875,197.36915588378906,103.06732940673828,187.8515167236328,-0.4880212938655555,0.5601941483323785,100.0,False,1.0
2020-07-16,93.37523651123047,149.9949951171875,20.705215454101562,75.08025360107422,85.81008911132812,289.2355651855469,238.83265686035156,193.46044921875,100.04266357421875,184.9365234375,-0.48769290080157957,0.5091810373465429,101.0,False,1.0
2020-07-17,93.18663024902344,148.09849548339844,20.09089469909668,75.17589569091797,84.22278594970703,293.7864074707031,239.923095703125,192.47377014160156,100.05599975585938,186.45616149902344,-1.1868327220423385,0.5324276153598109,102.0,False,1.0
2020-07-20,95.15042877197266,159.8419952392578,20.402379989624023,77.50475311279297,83.48487854003906,301.4195861816406,243.28359985351562,200.74652099609375,109.53333282470703,189.68653869628906,-1.2351654400456462,0.5699648305087407,103.0,False,1.0
2020-07-21,93.83716583251953,156.9145050048828,21.12918472290039,77.11222076416016,85.2952880859375,297.2068786621094,239.64552307128906,198.04269409179688,104.55733489990234,187.78463745117188,-1.0218746285500957,0.6083856137777263,104.0,False,1.0
2020-07-22,94.10079193115234,154.99549865722656,21.034008026123047,77.55480194091797,84.67752838134766,302.7819519042969,237.78187561035156,200.8888397216797,106.15533447265625,190.05929565429688,-0.6311011616637954,0.5876411623135094,105.0,False,1.0
2020-07-23,89.81766510009766,149.32749938964844,21.233015060424805,75.17093658447266,84.92633819580078,299.42919921875,230.57521057128906,192.1512451171875,100.87133026123047,188.692626953125,0.4669412808693797,0.595732066485837,106.0,False,1.0
2020-07-24,89.59517669677734,150.44549560546875,21.06861686706543,74.74768829345703,84.32572937011719,296.5498352050781,228.70164489746094,190.97486877441406,94.46666717529297,186.51344299316406,-1.9246805338229367,0.4379920102620891,107.0,False,1.0
2020-07-27,91.71858215332031,152.760498046875,20.886919021606445,75.79936981201172,83.14167022705078,298.42437744140625,231.4673614501953,193.39410400390625,102.63999938964844,188.19558715820312,1.3051999188688979,0.6571678125859982,108.0,False,1.0
2020-07-28,90.21186828613281,150.01649475097656,21.077266693115234,74.52169799804688,83.50203704833984,295.9798583984375,228.1167755126953,191.6578826904297,98.43267059326172,188.0331268310547,1.6414863922866796,0.03182726409503345,109.0,False,-1.0
2020-07-29,91.94110107421875,151.67649841308594,21.864641189575195,75.50597381591797,85.52696990966797,298.8493957519531,231.25917053222656,193.59329223632812,99.94066619873047,189.79171752929688,1.4727598420300156,0.033253987731955814,110.0,False,-1.0
2020-07-30,93.0536117553711,152.593994140625,21.492586135864258,76.24244689941406,83.24461364746094,298.55963134765625,232.4586639404297,193.44146728515625,99.16600036621094,185.4717254638672,-1.634199608433609,0.04659774342451233,111.0,False,-1.0
2020-07-31,102.79524230957031,158.23399353027344,21.52719497680664,73.74360656738281,82.9185791015625,298.1054382324219,251.46177673339844,194.49453735351562,95.38400268554688,181.97373962402344,-1.7110276684412744,0.001913703363851282,112.0,False,1.0
2020-08-03,105.38542938232422,155.59449768066406,21.62236785888672,73.48638153076172,82.45524597167969,302.02825927734375,249.7666778564453,205.43307495117188,99.0,182.25088500976562,-1.223916011390676,0.36510572197462954,113.0,False,1.0
2020-08-04,106.08919525146484,156.94149780273438,21.63967514038086,73.01754760742188,81.98336029052734,303.76751708984375,247.65521240234375,202.34983825683594,99.13333129882812,183.7801055908203,-0.5105471045727814,0.7758740084457992,114.0,False,1.0
2020-08-05,106.47374725341797,160.25149536132812,21.96846580505371,73.30449676513672,83.40764617919922,316.9176025390625,246.95135498046875,202.017822265625,99.00133514404297,187.42144775390625,0.27017571327623957,0.49692607015568363,115.0,False,1.0
2020-08-06,110.18855285644531,161.25,22.037683486938477,74.58612823486328,83.43339538574219,318.98529052734375,262.9706726074219,205.25286865234375,99.30533599853516,189.97329711914062,1.5293775896231296,0.24266990294888735,116.0,False,1.0
2020-08-07,107.68335723876953,158.3730010986328,22.591445922851562,74.26002502441406,85.26954650878906,316.9369201660156,266.1031799316406,201.58140563964844,96.84733581542969,187.6699676513672,0.7839584288704922,0.10970902311656688,117.0,False,-1.0
2020-08-10,109.24848175048828,157.4080047607422,22.980802536010742,74.1832046508789,86.35066223144531,311.9706115722656,260.7105712890625,197.568359375,94.57133483886719,188.08087158203125,0.9683619366119602,0.1974310979200658,118.0,False,-1.0
2020-08-11,105.99944305419922,154.0334930419922,23.292287826538086,73.37635040283203,89.07913208007812,317.4393310546875,253.90037536621094,192.94813537597656,91.6259994506836,189.01756286621094,0.8217998683055863,0.1769275735655647,119.0,False,-1.0
2020-08-12,109.52227020263672,158.11199951171875,23.12788963317871,74.69961547851562,88.32410430908203,316.5600891113281,257.62762451171875,198.46011352539062,103.65066528320312,189.94464111328125,1.302295427395436,0.15966813693816484,120.0,False,-1.0
2020-08-13,111.46054077148438,158.05099487304688,22.799100875854492,75.16598510742188,87.83499908447266,315.1687316894531,259.0253601074219,197.99526977539062,108.06666564941406,189.1214599609375,0.645766625319645,0.17222810553153955,121.0,False,-1.0
2020-08-14,111.36119842529297,157.4010009765625,22.902929306030273,74.57025909423828,87.86934661865234,315.7581481933594,258.96588134765625,198.18499755859375,110.04733276367188,188.22166442871094,-0.33599248305829194,0.17666500087272036,122.0,False,-1.0
2020-08-17,111.07046508789062,159.12049865722656,22.409740447998047,75.14566040039062,85.55270385742188,319.0722961425781,258.88653564453125,199.49423217773438,122.3759994506836,190.89222717285156,1.5195316175424023,0.16843810914074314,123.0,False,-1.0
2020-08-18,111.99600982666016,165.62449645996094,22.089603424072266,77.10528564453125,84.36005401611328,319.81622314453125,260.0563049316406,200.64218139648438,125.80599975585938,190.490234375,0.5274238919908274,0.16746884130105744,124.0,False,-1.0
2020-08-19,112.1364974975586,163.0240020751953,22.06364631652832,76.55169677734375,84.55738067626953,321.1689453125,260.30413818359375,199.4248504638672,125.23533630371094,192.38546752929688,1.4461163755422122,0.11081648809327443,125.0,False,-1.0
2020-08-20,114.62477111816406,164.86849975585938,21.717546463012695,78.11979675292969,83.54493713378906,325.9226989746094,266.66827392578125,204.06576538085938,133.45533752441406,195.41015625,1.6073252422941908,0.2643146982993137,126.0,False,-1.0
2020-08-21,120.53168487548828,164.23599243164062,21.613718032836914,78.08609771728516,83.50203704833984,325.7101745605469,264.6856689453125,202.58226013183594,136.6653289794922,195.39102172851562,0.9268818176916418,0.4426880809320902,127.0,False,-1.0
2020-08-24,121.9732666015625,165.3730010986328,22.228038787841797,78.56087493896484,85.85301208496094,332.0291748046875,269.02752685546875,203.2194061279297,134.27999877929688,197.5734100341797,0.8470309983479999,0.5586311093516271,128.0,False,-1.0
2020-08-25,120.9726333618164,167.32449340820312,22.496267318725586,79.5867919921875,86.23052215576172,335.9133605957031,278.37542724609375,205.86317443847656,134.8893280029297,199.19107055664062,0.5842537166614846,0.659213036648078,129.0,False,-1.0
2020-08-26,122.61773681640625,172.09249877929688,22.11556053161621,81.48396301269531,85.0207290649414,339.1597595214844,301.2644348144531,210.3138427734375,143.54466247558594,201.25857543945312,1.0141590975782702,0.7400839776413702,130.0,False,-1.0
2020-08-27,121.15190887451172,170.0,22.53952407836914,80.7103271484375,87.81787109375,343.9714660644531,290.66748046875,215.4777374267578,149.25,201.9956512451172,-1.6525962061861235,0.8358326754915086,131.0,False,-1.0
2020-08-28,120.9556655883789,170.08999633789062,22.755834579467773,81.25101470947266,88.17820739746094,353.7496337890625,291.1036376953125,217.6935577392578,147.55999755859375,206.47528076171875,-0.4086439969112363,0.7411249468207354,132.0,False,1.0
2020-08-31,125.05754089355469,172.54800415039062,22.27130126953125,80.7603759765625,85.96454620361328,346.0875549316406,290.64764404296875,214.47921752929688,166.10667419433594,202.91452026367188,-1.7597629621792394,0.8047342419182659,133.0,False,1.0
2020-09-01,130.03887939453125,174.95599365234375,22.245346069335938,82.02664947509766,85.921630859375,344.8411560058594,292.8681640625,216.13400268554688,158.35000610351562,204.21632385253906,-0.21132617256128516,0.5715452162534803,134.0,False,1.0
2020-09-02,127.3447036743164,176.57249450683594,22.513568878173828,85.1147689819336,87.21724700927734,348.5126953125,299.86663818359375,220.29931640625,149.1233367919922,207.2123260498047,0.9306818687581742,0.7565218948084598,135.0,False,1.0
2020-09-03,117.14937591552734,168.39999389648438,22.35674476623535,80.7593765258789,86.94269561767578,332.2224426269531,288.5857849121094,206.65249633789062,135.6666717529297,200.01425170898438,-0.3720652332588015,0.7475923875643109,136.0,False,-1.0
2020-09-04,117.2269058227539,164.7310028076172,23.123456954956055,78.36561584472656,88.82173919677734,323.6908264160156,280.2688293457031,203.75193786621094,139.44000244140625,195.8983154296875,-1.0793298014874588,0.6415640323214191,137.0,False,-1.0
2020-09-08,109.33814239501953,157.49200439453125,22.199913024902344,75.51042175292969,85.73287963867188,318.7341003417969,268.79949951171875,192.7298126220703,110.06999969482422,191.55270385742188,-1.70658834865082,0.6405212703250662,138.0,False,1.0
2020-09-09,113.69926452636719,163.4304962158203,22.226051330566406,76.6815414428711,86.54800415039062,328.1643371582031,271.3372497558594,200.9369659423828,122.09333038330078,195.32403564453125,-1.1682649965315053,0.5120385178630837,139.0,False,1.0
2020-09-10,109.9874496459961,158.7554931640625,21.90367889404297,75.6318588256836,85.6556625366211,321.6326904296875,265.7562561035156,195.30709838867188,123.77999877929688,192.91188049316406,-0.6828994113808006,0.32918676035269656,140.0,False,1.0
2020-09-11,108.5434341430664,155.81100463867188,22.21734046936035,75.12188720703125,86.7196044921875,318.9949951171875,264.28912353515625,194.03274536132812,124.23999786376953,192.0886688232422,-0.10769102704811702,0.7181490264452641,141.0,False,1.0
2020-09-14,111.79973602294922,155.14849853515625,22.435155868530273,74.77842712402344,87.92081451416016,327.1593933105469,263.8331298828125,195.34510803222656,139.8733367919922,196.20465087890625,0.780924632410598,0.7864005049258489,142.0,False,0.0
2020-09-15,111.97415924072266,157.80650329589844,22.02565574645996,76.08136749267578,85.1837387084961,327.6812438964844,270.0486145019531,198.54994201660156,149.9199981689453,196.59707641601562,1.2450846462489193,0.2877541979104278,143.0,False,0.0
2020-09-16,108.6694107055664,153.90499877929688,22.304468154907227,74.93998718261719,85.54410552978516,330.2996826171875,261.2260437011719,195.0027313232422,147.25332641601562,196.34825134277344,-0.8524733478752352,0.4894932522123891,144.0,False,-1.0
2020-09-17,106.93464660644531,150.43649291992188,22.08664894104004,73.69849395751953,84.56597137451172,327.96142578125,252.6017608642578,192.9675750732422,141.14332580566406,196.4822235107422,0.6454348915500868,0.34849207033331464,145.0,False,1.0
2020-09-18,103.54268646240234,147.74549865722656,21.964670181274414,71.91680145263672,84.38579559326172,323.93231201171875,250.3317108154297,190.57101440429688,147.38333129882812,193.93609619140625,-0.39960402715069604,0.26388977767804855,146.0,False,1.0
2020-09-21,106.68268585205078,148.02349853515625,21.31993293762207,70.87850189208984,81.77743530273438,316.772705078125,245.9898223876953,192.61573791503906,149.79666137695312,188.99697875976562,-1.6078910376705982,0.28615582809936646,147.0,False,1.0
2020-09-22,108.35930633544922,156.44949340820312,20.85816192626953,72.34945678710938,80.88508605957031,323.98065185546875,252.53237915039062,197.2566375732422,141.41000366210938,191.97386169433594,-1.3774867333129344,0.07686108921020124,148.0,False,1.0
2020-09-23,103.81405639648438,149.9929962158203,20.265697479248047,69.85011291503906,79.57234191894531,313.5648193359375,246.85227966308594,190.7612762451172,126.78666687011719,187.0060272216797,-0.9434397416080771,0.3232747093457374,149.0,False,1.0
2020-09-24,104.88008880615234,150.989501953125,20.335399627685547,70.51771545410156,79.50370025634766,317.1204833984375,247.35781860351562,193.2338409423828,129.26333618164062,187.14962768554688,-1.3700798214838468,0.14030359976963974,150.0,False,1.0
2020-09-25,108.81477355957031,154.75650024414062,20.466089248657227,71.32059478759766,80.19867706298828,320.5699768066406,252.6017608642578,197.6370086669922,135.77999877929688,188.80555725097656,-1.046850976360993,0.5076592739299752,151.0,False,1.0
2020-09-28,111.41209411621094,158.70249938964844,20.988855361938477,72.29195404052734,82.50675201416016,326.9565124511719,254.5843963623047,199.17759704589844,140.39999389648438,191.74412536621094,-1.0121901601685543,0.5021808654121567,152.0,False,1.0
2020-09-29,110.56893157958984,157.24400329589844,20.710046768188477,72.65674591064453,81.81172943115234,324.86956787109375,259.5111389160156,197.10438537597656,139.69000244140625,190.90182495117188,-0.4123156506296915,0.6672374403623984,153.0,False,1.0
2020-09-30,112.23584747314453,157.43649291992188,20.988855361938477,72.63592529296875,82.60112762451172,326.74395751953125,259.6201171875,200.0240020751953,143.00332641601562,191.4091339111328,-0.6845318868122047,0.7780863270413751,154.0,False,1.0
2020-10-01,113.18557739257812,161.06300354003906,20.997562408447266,73.74112701416016,83.20175170898438,331.7682189941406,264.3089904785156,202.04965209960938,149.3866729736328,194.64443969726562,1.8019526320538573,0.8684702768124908,155.0,False,1.0
2020-10-02,109.53192138671875,156.25,21.093402862548828,72.14031219482422,83.9911117553711,327.3816223144531,257.6772155761719,196.0868682861328,138.3633270263672,192.83531188964844,1.6520334868238755,0.8168796280701689,156.0,False,-1.0
2020-10-05,112.9045639038086,159.9600067138672,21.450618743896484,73.48985290527344,85.76636505126953,331.6523132324219,262.3462219238281,200.07159423828125,141.89332580566406,194.82626342773438,1.0343347141365191,0.800313413343944,157.0,False,-1.0
2020-10-06,109.66764068603516,154.9980010986328,21.232805252075195,71.91333770751953,84.88306427001953,326.02899169921875,256.4084167480469,195.82061767578125,137.9933319091797,191.8686065673828,0.752970240130593,0.783146030314173,158.0,False,-1.0
2020-10-07,111.52838134765625,159.7845001220703,21.67715072631836,72.31575012207031,86.3638687133789,332.28033447265625,255.87301635742188,199.54852294921875,141.76666259765625,193.8020477294922,-1.1755047390937687,0.7661319209077926,159.0,False,-1.0
2020-10-08,111.42178344726562,159.52749633789062,21.990802764892578,73.51958465576172,88.13914489746094,333.8764953613281,261.46392822265625,200.26177978515625,141.97332763671875,194.29022216796875,-1.3797758010784982,0.89539459666257,160.0,False,1.0
2020-10-09,113.36005401611328,164.33250427246094,22.095359802246094,74.85870361328125,87.63687133789062,340.880126953125,262.1479797363281,205.2355194091797,144.6666717529297,197.7935333251953,-0.7239556324180176,0.9212334291927098,161.0,False,1.0
2020-10-12,120.56074523925781,172.14649963378906,22.374160766601562,77.54191589355469,88.71067810058594,340.5414733886719,273.34954833984375,210.5515899658203,147.43333435058594,197.56382751464844,-0.15135551413112447,0.9110946725972431,162.0,False,1.0
2020-10-13,117.3625717163086,172.18150329589844,21.738143920898438,77.66482543945312,87.27315521240234,334.54400634765625,273.7361755371094,211.94004821777344,148.88333129882812,195.57289123535156,1.3761405218003835,0.9366303247479055,163.0,False,0.0
2020-10-14,117.44981384277344,168.1855010986328,20.57935333251953,77.48491668701172,86.7882080078125,331.50653076171875,269.45379638671875,210.0380859375,153.76666259765625,193.5436248779297,0.6898793838385326,0.9017340396567257,164.0,False,-1.0
2020-10-15,116.984619140625,166.9324951171875,21.04113006591797,77.08992004394531,88.08717346191406,327.511474609375,264.3981628417969,208.89688110351562,149.6266632080078,191.007080078125,-0.44814840563990144,0.9210432543995031,165.0,False,-1.0
2020-10-16,115.3467788696289,163.635498046875,21.11954116821289,77.696044921875,87.90533447265625,328.31427001953125,263.6150207519531,208.89688110351562,146.55667114257812,191.68667602539062,0.24456666265173618,0.9220466520690065,166.0,False,-1.0
2020-10-19,112.40061950683594,160.36050415039062,20.666481018066406,75.82514190673828,86.42453002929688,320.8367919921875,259.12445068359375,203.72340393066406,143.61000061035156,188.53756713867188,0.020110853523484736,0.6682069446817052,167.0,False,-1.0
2020-10-20,113.88338470458984,160.85049438476562,21.03241539001465,76.8723373413086,86.9181137084961,320.88519287109375,265.23089599609375,204.13229370117188,140.64666748046875,189.23626708984375,1.3562657486513583,0.40464808511285655,168.0,False,0.0
2020-10-21,113.26313781738281,159.2469940185547,20.95400047302246,78.60252380371094,86.05213928222656,322.5296630859375,276.3036804199219,204.27500915527344,140.8800048828125,189.93502807617188,1.4668765356168099,0.38109661393573513,169.0,False,-1.0
2020-10-22,112.17769622802734,158.82000732421875,21.66844367980957,79.6269302368164,89.09171295166016,322.7037353515625,275.69891357421875,204.36058044433594,141.92999267578125,189.51388549804688,0.696734951163303,0.7968098210303431,170.0,False,-1.0
2020-10-23,111.48960876464844,160.22000122070312,21.694578170776367,80.93135833740234,89.8970718383789,318.843994140625,282.31085205078125,205.63491821289062,140.2100067138672,189.5330047607422,1.7451190849056444,0.8068318828055003,171.0,False,-1.0
2020-10-26,111.49930572509766,160.3520050048828,21.380922317504883,78.51825714111328,87.6715087890625,307.67120361328125,274.69769287109375,199.78627014160156,140.0933380126953,184.80447387695312,1.1520174397986787,0.6547238947732712,172.0,False,-1.0
2020-10-27,113.00147247314453,164.31649780273438,20.779748916625977,79.2413558959961,86.01750946044922,306.7523193359375,280.82391357421875,202.80091857910156,141.55999755859375,181.92333984375,-0.8961900557663188,0.5607381606473899,173.0,False,-1.0
2020-10-28,107.76810455322266,158.13900756835938,20.448659896850586,74.87606811523438,83.6014175415039,281.86279296875,265.33990478515625,192.74884033203125,135.33999633789062,173.1267852783203,1.0320931466649137,0.5066294132159674,174.0,False,1.0
2020-10-29,111.76097869873047,160.55050659179688,20.509653091430664,77.15980529785156,84.14698028564453,283.60394287109375,278.38531494140625,194.6889190673828,136.94332885742188,176.95555114746094,1.6490403025873326,0.02821172436538365,175.0,False,-1.0
2020-10-30,105.5003433227539,151.8074951171875,20.6490535736084,80.09528350830078,84.90040588378906,279.2122497558594,260.81964111328125,192.54913330078125,129.34666442871094,173.9308319091797,0.3337269512326015,0.042040818890663884,176.0,False,-1.0
2020-11-02,105.41311645507812,150.2239990234375,20.980138778686523,80.50216674804688,86.8141860961914,280.498779296875,259.0848083496094,192.41604614257812,133.50332641601562,176.8311309814453,1.1522487725037072,0.074240649371087,177.0,False,-1.0
2020-11-03,107.03157806396484,152.42050170898438,21.51161003112793,81.55978393554688,89.55067443847656,285.7418212890625,262.99053955078125,196.3151092529297,141.3000030517578,180.27699279785156,1.17897286172988,0.0037053255060167487,178.0,False,-1.0
2020-11-04,111.40238189697266,162.05799865722656,20.63163185119629,86.5252685546875,86.8141860961914,297.1660461425781,284.87835693359375,205.7870635986328,140.32666015625,185.6659698486328,1.3503449937901946,0.2551324377073095,179.0,False,-1.0
2020-11-05,115.35646057128906,166.10000610351562,21.441913604736328,87.35045623779297,90.36470031738281,306.1912841796875,292.11474609375,212.34896850585938,146.02999877929688,189.17884826660156,1.079040676545996,0.6470290327644056,180.0,False,-1.0
2020-11-06,115.22540283203125,165.56849670410156,21.180530548095703,87.2131576538086,89.16097259521484,303.39569091796875,290.8558349609375,212.7579345703125,143.31666564941406,189.9733123779297,1.3116182284588427,0.8290380887903155,181.0,False,-1.0
2020-11-09,112.92457580566406,157.18699645996094,24.1864070892334,87.29691314697266,101.23271179199219,333.3057556152344,276.34326171875,207.68910217285156,140.4199981689453,203.5749969482422,1.7419403403570102,0.9508153001510284,15.0,True,-1.0
2020-11-10,112.5848159790039,151.75100708007812,24.099279403686523,86.12232208251953,100.90362548828125,323.84521484375,270.0584411621094,200.670654296875,136.7866668701172,204.17796325683594,1.6924731143674694,0.9937240532181143,16.0,True,0.0
2020-11-11,116.00203704833984,156.8695068359375,23.82047462463379,86.59365844726562,99.3968505859375,321.5332946777344,274.0732116699219,205.9392852783203,139.0433349609375,203.59414672851562,1.1277980258481786,1.0,17.0,True,0.0
2020-11-12,115.73023223876953,155.51400756835938,23.254150390625,86.37509155273438,98.17581939697266,317.5671691894531,272.68536376953125,204.8835906982422,137.25332641601562,199.64454650878906,0.13242893737363104,0.7424707598749862,18.0,True,0.0
2020-11-13,115.7787857055664,156.4405059814453,23.524242401123047,87.83415222167969,98.7906494140625,324.0870361328125,274.5390930175781,205.9011993408203,136.1666717529297,201.7727508544922,-0.3991214761898548,0.8633381327306611,19.0,True,0.0
2020-11-16,116.78842163085938,156.55299377441406,24.029577255249023,87.921875,101.5791015625,324.4933776855469,276.5316467285156,206.5859375,136.02999877929688,203.90087890625,-0.06886216311014949,0.9862472087125346,187.0,True,0.0
2020-11-17,115.90498352050781,156.7830047607422,24.003433227539062,87.30880737304688,100.548583984375,325.50897216796875,272.6060791015625,203.95166015625,147.20333862304688,201.99319458007812,-1.3060980396656872,0.9910017110991528,188.0,True,0.0
2020-11-18,114.58467864990234,155.2729949951172,23.506818771362305,86.26705169677734,99.8038558959961,324.9673156738281,269.6024475097656,201.26280212402344,162.2133331298828,199.23239135742188,-1.6032757553819883,0.9748846446453628,189.0,True,0.0
2020-11-19,115.17688751220703,155.8509979248047,23.506818771362305,87.15567016601562,100.07231903076172,322.9745788574219,270.5640563964844,202.54052734375,166.42333984375,198.98313903808594,-1.137524278831303,0.9353820282088728,6.0,True,0.0
2020-11-20,113.9148178100586,154.97000122070312,23.35870361328125,86.05592346191406,99.21498107910156,312.44989013671875,267.3522644042969,200.60488891601562,163.20333862304688,195.44577026367188,-0.6533108321516122,0.8091039132238478,7.0,True,0.0
2020-11-23,110.52667999267578,154.91949462890625,23.864036560058594,85.6187973022461,102.07270050048828,321.1947021484375,266.0932922363281,200.33792114257812,173.9499969482422,199.5487060546875,-0.41600566763387287,0.6645474695113813,8.0,True,0.0
2020-11-24,111.80815124511719,155.9029998779297,25.249353408813477,87.4198226928711,106.79228973388672,331.20672607421875,274.5093688964844,203.9134979248047,185.1266632080078,201.00582885742188,-1.671268613098371,0.9263451483327166,9.0,True,0.0
2020-11-25,112.64308166503906,159.2534942626953,25.29291534423828,87.43122100830078,105.67515563964844,330.171630859375,273.1909484863281,203.9230194091797,191.3333282470703,202.16575622558594,-0.8685916270649173,0.07100815167427281,9.0,True,0.0
2020-11-27,113.18672180175781,159.76699829101562,25.258068084716797,88.565673828125,104.97374725341797,327.9951171875,275.39166259765625,205.21975708007812,195.25332641601562,202.27122497558594,-0.3374153196451302,0.15066255274049872,11.0,True,0.0
2020-11-30,115.57492065429688,158.40199279785156,24.534908294677734,86.94901275634766,102.08136749267578,325.5187683105469,274.5589599609375,204.11375427246094,189.1999969482422,201.6481170654297,-0.17425768811240847,0.033742183551895816,12.0,False,0.0
2020-12-01,119.13778686523438,161.00399780273438,24.996679306030273,88.97899627685547,103.69207000732422,327.81134033203125,284.0555419921875,206.1542205810547,194.9199981689453,202.4629364013672,-0.6335783604853464,0.6481044224288224,13.0,False,0.0
2020-12-02,119.48727416992188,160.17649841308594,25.319053649902344,90.44649505615234,105.68382263183594,329.10748291015625,285.0170593261719,205.35330200195312,189.60667419433594,201.48513793945312,-1.7705841689725776,0.5222567419944395,14.0,False,0.0
2020-12-03,119.35136413574219,159.3365020751953,25.345354080200195,90.29137420654297,104.99104309082031,324.1934509277344,279.3964538574219,204.2758026123047,197.7933349609375,199.4432373046875,-1.1453467026538842,0.4312954614799399,14.0,False,1.0
2020-12-04,118.68148040771484,158.12899780273438,25.678499221801758,90.38653564453125,105.94361114501953,333.10260009765625,277.26519775390625,204.39024353027344,199.67999267578125,203.8817138671875,-1.1576340163455103,0.37036845518361083,15.0,False,1.0
2020-12-07,120.13770294189453,157.89999389648438,25.50316047668457,90.052978515625,105.5452651977539,329.8232727050781,283.0939636230469,204.32351684570312,213.9199981689453,203.8529510498047,-0.12122750878874654,0.22313530060869474,16.0,False,1.0
2020-12-08,120.74930572509766,158.864501953125,25.362886428833008,89.77046966552734,105.64918518066406,329.65899658203125,280.93292236328125,205.96347045898438,216.6266632080078,203.968017578125,0.003190171547683325,0.06163646977643451,18.0,False,0.0
2020-12-09,118.22522735595703,155.2100067138672,25.24891471862793,88.1116943359375,104.82650756835938,325.84765625,275.5007019042969,201.9493408203125,201.4933319091797,200.90997314453125,-1.1585177181591686,0.05135281733551773,19.0,False,0.0
2020-12-10,119.6426010131836,155.07449340820312,25.520694732666016,87.60567474365234,104.15105438232422,320.6916198730469,274.7076110839844,200.72885131835938,209.02333068847656,199.02145385742188,0.3434072495505062,0.03844782743548152,20.0,False,1.0
2020-12-11,118.83685302734375,155.8209991455078,25.047277450561523,87.96002960205078,103.53621673583984,316.7255859375,271.168701171875,203.34144592285156,203.3300018310547,197.70814514160156,1.0856000399911523,0.22933707441321005,21.0,False,1.0
2020-12-14,118.22522735595703,157.84849548339844,24.740434646606445,86.84294128417969,102.4450912475586,320.33380126953125,271.80316162109375,204.23770141601562,213.27667236328125,198.67636108398438,-0.8079355144043089,0.007065408453506636,22.0,False,-1.0
2020-12-15,124.14714050292969,158.25599670410156,25.108642578125,87.28007507324219,104.19435119628906,322.75213623046875,273.15130615234375,204.17091369628906,211.0833282470703,199.74044799804688,-0.9007241240622894,0.3331168387468011,23.0,False,1.0
2020-12-16,124.0792007446289,162.04800415039062,25.178773880004883,87.08726501464844,104.49742889404297,321.252685546875,273.2702941894531,209.08143615722656,207.58999633789062,199.65414428710938,0.2814522647358091,0.35748892915744124,24.0,False,1.0
2020-12-17,124.94322204589844,161.8040008544922,25.27522087097168,86.26061248779297,103.63146209716797,325.89593505859375,272.0906066894531,209.21490478515625,218.63333129882812,202.44374084472656,0.6454792468639238,0.08315820207989233,25.0,False,1.0
2020-12-18,122.9627914428711,160.08250427246094,25.13494873046875,85.55237579345703,103.12055206298828,329.2138671875,273.993896484375,208.4235382080078,231.6666717529297,202.56837463378906,-1.3711619343043886,0.28790477272983245,26.0,False,1.0
2020-12-21,124.4869155883789,160.3090057373047,26.073013305664062,85.9657211303711,106.991455078125,323.4486083984375,270.4153137207031,212.2374725341797,216.6199951171875,200.36355590820312,-0.2750801075594502,0.14144854812202345,27.0,False,1.0
2020-12-22,128.03038024902344,160.3260040283203,25.608360290527344,85.2550277709961,105.36343383789062,321.3881530761719,264.76495361328125,213.52471923828125,213.44667053222656,197.32469177246094,-1.8056411728210773,0.01784610389911838,28.0,False,1.0
2020-12-23,127.13728332519531,159.2635040283203,26.344789505004883,85.6520004272461,108.30773162841797,318.4765625,265.7760314941406,210.74053955078125,215.32666015625,196.8070068359375,-1.0303988571634255,0.06996956870268628,29.0,False,1.0
2020-12-24,128.1177978515625,158.63450622558594,26.265884399414062,85.9458999633789,107.83145141601562,325.0252685546875,265.0722351074219,212.39002990722656,220.58999633789062,200.06640625,-0.17678670497982196,0.13312305564834181,30.0,False,1.0
2020-12-28,132.69998168945312,164.197998046875,26.4149227142334,87.91841125488281,108.54154968261719,333.21868896484375,274.5887145996094,214.4972686767578,221.22999572753906,203.8337860107422,0.8644310161568415,0.28759200532446016,31.0,False,0.0
2020-12-29,130.93312072753906,166.10000610351562,26.309720993041992,87.11553955078125,108.25579071044922,335.3372497558594,274.37066650390625,213.72494506835938,221.99667358398438,205.50177001953125,1.201260856037749,0.032370293003603966,32.0,False,-1.0
2020-12-30,129.81668090820312,164.29249572753906,26.283416748046875,86.04948425292969,108.55886840820312,343.9367370605469,269.50341796875,211.36981201171875,231.5933380126953,209.32676696777344,0.9791411116597293,0.00010256037159263705,33.0,False,-1.0
2020-12-31,128.8167724609375,162.84649658203125,26.57273292541504,86.86177825927734,110.03970336914062,345.2813720703125,270.7821044921875,212.0753936767578,235.22332763671875,209.68142700195312,0.5063368788984118,0.013664977857329463,34.0,False,-1.0
2021-01-04,125.63251495361328,159.3314971923828,26.32725715637207,85.54793548583984,109.00053405761719,340.0093688964844,266.5988464355469,207.56539916992188,243.2566680908203,208.75157165527344,1.4534293458860164,6.880828095459228e-05,5.0,True,-1.0
2021-01-05,127.18579864501953,160.92550659179688,26.52889633178711,86.2378158569336,109.59364318847656,336.0722961425781,268.61114501953125,207.765625,245.0366668701172,205.63600158691406,-0.6531279156246835,0.0012516661875149452,36.0,False,0.0
2021-01-06,122.9045181274414,156.91900634765625,28.185855865478516,85.38684844970703,114.73966979980469,336.1980895996094,261.0178527832031,202.37838745117188,251.9933319091797,203.82420349121094,-1.8201598773566638,0.0014155430397636238,37.0,False,0.0
2021-01-07,127.09842681884766,158.10800170898438,28.808317184448242,87.93724060058594,118.50762939453125,338.86163330078125,266.400634765625,208.13748168945312,272.0133361816406,204.96498107910156,-1.1391299123144776,0.005721502771374407,38.0,False,1.0
2021-01-08,128.19544982910156,159.13499450683594,28.519001007080078,89.1014175415039,118.63848114013672,342.7262268066406,265.24072265625,209.40565490722656,293.3399963378906,206.53712463378906,-0.7482666636794866,0.02740598042085541,39.0,False,1.0
2021-01-11,125.21505737304688,155.7104949951172,28.99241828918457,87.04266357421875,120.4090805053711,337.2538146972656,254.6041717529297,207.3747100830078,270.39666748046875,204.0830535888672,-0.5704274747402674,0.0497607408094981,40.0,False,1.0
2021-01-12,125.0403060913086,156.04150390625,29.509668350219727,86.10797119140625,122.30177307128906,332.13983154296875,248.9042510986328,204.93374633789062,283.14666748046875,200.21975708007812,-1.5880875895543172,0.0639225713077075,41.0,False,1.0
2021-01-13,127.06932830810547,158.29449462890625,29.334327697753906,86.59464263916016,122.41514587402344,335.44256591796875,249.44944763183594,206.2781524658203,284.8033447265625,200.68946838378906,-1.589248978217539,0.6350067066757519,42.0,False,1.0
2021-01-14,125.14710235595703,156.37350463867188,29.798988342285156,85.78533172607422,123.13037109375,316.6524963378906,243.50167846679688,203.1126251220703,281.6666564941406,193.5093231201172,-0.6416926357301286,0.8870518853314241,43.0,False,1.0
2021-01-15,123.42877960205078,155.21249389648438,28.939815521240234,85.62178039550781,120.92369079589844,313.0979309082031,249.171875,202.75979614257812,275.38665771484375,193.25050354003906,0.8266832353416949,0.8168687880401722,44.0,False,1.0
2021-01-19,124.0986099243164,156.03799438476562,28.72941017150879,88.43930053710938,120.40036010742188,315.693603515625,258.82708740234375,206.37353515625,281.51666259765625,193.31759643554688,0.2957242508727043,0.6017929144091112,45.0,False,-1.0
2021-01-20,128.176025390625,163.16900634765625,28.352428436279297,93.17727661132812,118.59485626220703,324.3816223144531,265.15155029296875,213.9060821533203,283.48333740234375,197.48764038085938,0.7774343113812778,0.7555311543215089,46.0,False,-1.0
2021-01-21,132.87474060058594,165.34950256347656,27.852710723876953,93.37947845458984,117.60054779052734,323.9264221191406,270.4946594238281,214.50680541992188,281.663330078125,196.65362548828125,0.058759332518851196,0.7437224678485302,47.0,False,-1.0
2021-01-22,135.01052856445312,164.6114959716797,27.659839630126953,93.79629516601562,116.69345092773438,318.647705078125,272.11041259765625,215.44117736816406,282.21331787109375,193.66270446777344,-0.797097638576146,0.8046355112600865,48.0,False,0.0
2021-01-25,138.7481231689453,164.6999969482422,27.317928314208984,93.88153076171875,115.23685455322266,318.84149169921875,275.5898742675781,218.854736328125,293.6000061035156,192.66575622558594,-1.6094859876008674,0.7996312575267726,49.0,False,0.0
2021-01-26,138.98114013671875,166.30650329589844,27.125051498413086,94.55902099609375,114.765869140625,317.3983154296875,279.59466552734375,221.52447509765625,294.36334228515625,193.65313720703125,1.1101828900606507,0.8520059743830523,50.0,False,1.0
2021-01-27,137.9132080078125,161.62899780273438,26.151912689208984,90.14765167236328,111.521240234375,305.5721130371094,269.77099609375,222.0679931640625,288.0533447265625,186.90431213378906,0.45814828096635585,0.7293611024320276,51.0,False,-1.0
2021-01-28,133.08831787109375,161.88099670410156,26.581497192382812,91.84557342529297,113.48371124267578,314.08575439453125,262.6931457519531,227.81753540039062,278.4766540527344,190.01991271972656,-0.5350815884876144,0.6742013515955646,52.0,False,-1.0
2021-01-29,128.10809326171875,160.30999755859375,25.994108200073242,90.56494140625,112.22772216796875,306.3470764160156,256.0812072753906,221.17169189453125,264.510009765625,185.25550842285156,-0.2616525467875714,0.599929139315778,53.0,False,-1.0
2021-02-01,130.22439575195312,167.1439971923828,26.265884399414062,93.82157135009766,113.05632019042969,311.4512634277344,259.7292175292969,228.50399780273438,279.9366760253906,190.1541290283203,1.6119390865718655,0.5847482461094488,54.0,False,-1.0
2021-02-02,131.0496368408203,169.0,27.203956604003906,95.11261749267578,116.53643035888672,323.85858154296875,264.7550048828125,228.37054443359375,290.92999267578125,194.22825622558594,-1.0298928249367865,0.5153787674037501,55.0,False,-1.0
2021-02-03,130.03025817871094,165.62649536132812,27.686141967773438,102.03919982910156,117.87091064453125,322.35736083984375,264.32879638671875,231.69821166992188,284.89666748046875,193.03001403808594,-0.8030779861741211,0.32505092911239164,56.0,False,1.0
2021-02-04,133.37954711914062,166.5500030517578,28.492698669433594,101.77900695800781,120.58350372314453,330.115478515625,264.1701965332031,230.7542724609375,283.3299865722656,200.5936279296875,1.4180356254390445,0.24852703533547948,57.0,False,1.0
2021-02-05,132.96633911132812,167.6074981689453,28.37873077392578,103.52352142333984,120.34801483154297,328.1008605957031,265.76617431640625,230.93544006347656,284.07666015625,200.13345336914062,1.252199211129232,0.14519024609223857,58.0,False,-1.0
2021-02-08,133.11219787597656,166.14700317382812,29.009958267211914,103.30992889404297,122.23200225830078,326.4350280761719,264.2593994140625,231.19290161132812,287.8066711425781,198.3312530517578,0.5937730276972921,0.05849689574108697,59.0,False,-1.0
2021-02-09,132.23715209960938,165.25,28.887208938598633,102.85745239257812,121.74357604980469,322.9578552246094,267.10443115234375,232.4324188232422,283.1533203125,197.97654724121094,1.1362940349399793,0.10013711453511354,60.0,False,-1.0
2021-02-10,131.6343536376953,164.32899475097656,28.91351890563965,103.40707397460938,121.81336212158203,323.7035827636719,269.50341796875,231.52662658691406,268.2733459472656,197.89988708496094,0.6688987531210012,0.1682592286216658,61.0,False,-1.0
2021-02-11,131.3815460205078,163.10650634765625,28.825847625732422,103.51956939697266,121.47318267822266,332.0914306640625,268.0362243652344,233.11895751953125,270.5533447265625,202.2588348388672,0.03740772931469727,0.19481385639232407,62.0,False,-1.0
2021-02-12,131.61489868164062,163.885498046875,29.255430221557617,103.83081817626953,123.20016479492188,330.2802429199219,268.1452941894531,233.59568786621094,272.0400085449219,201.5867462158203,0.4167269508718425,0.1715289067252183,63.0,False,0.0
2021-02-16,129.495361328125,163.44749450683594,30.04446029663086,104.607421875,126.1656723022461,330.4835510253906,271.5850830078125,232.3656463623047,265.40667724609375,199.60885620117188,-1.6155586741710348,0.05440736565001963,64.0,False,0.0
2021-02-17,127.21056365966797,165.4320068359375,30.167192459106445,104.99994659423828,126.5582504272461,326.7254638671875,271.1885681152344,233.37872314453125,266.04998779296875,199.23440551757812,0.1834912686443903,0.022653783464717414,65.0,False,1.0
2021-02-18,126.11190032958984,166.4114990234375,29.974321365356445,104.36507415771484,126.98554229736328,327.82000732421875,267.0449523925781,232.9868621826172,262.4599914550781,201.0010528564453,1.2453855864783563,0.021654270802760365,66.0,False,0.0
2021-02-19,126.26746368408203,162.4949951171875,30.28116798400879,103.52254486083984,129.10504150390625,322.6962585449219,259.2830810546875,230.29183959960938,260.4333190917969,196.56532287597656,-0.18963150181947083,0.014409351850196265,67.0,False,-1.0
2021-02-22,122.50482177734375,159.03700256347656,30.815948486328125,101.81023406982422,130.31748962402344,329.9508972167969,258.06378173828125,224.1180877685547,238.1666717529297,200.01210021972656,-0.5510980667953695,0.008090024024726288,68.0,False,0.0
2021-02-23,122.36870574951172,159.72500610351562,31.140323638916016,102.10064697265625,131.3640899658203,339.4040832519531,263.545654296875,222.93301391601562,232.94667053222656,203.65098571777344,-1.2259273432711344,0.5583701395863829,69.0,False,0.0
2021-02-24,121.87284851074219,157.97650146484375,31.8942928314209,103.27474212646484,133.67543029785156,355.77276611328125,262.0091552734375,224.15628051757812,247.33999633789062,210.67906188964844,-1.4006886728055274,0.031548051373627935,70.0,False,1.0
2021-02-25,117.63379669189453,152.85800170898438,31.49977684020996,99.91156005859375,131.8612060546875,343.423583984375,252.472900390625,218.84271240234375,227.4066619873047,205.2255859375,-0.4947512690364288,0.09861686735863345,71.0,False,1.0
2021-02-26,117.89630126953125,154.64649963378906,30.43021011352539,100.20693969726562,128.36367797851562,342.7262268066406,255.37738037109375,222.0824737548828,225.1666717529297,203.91981506347656,-0.7676530423196286,0.08242204201084447,72.0,False,1.0
2021-03-01,124.24517822265625,157.3070068359375,31.377042770385742,102.5734634399414,131.26808166503906,351.4917297363281,262.6039733886719,226.4404296875,239.47666931152344,207.99073791503906,-0.37306526954476055,0.14829591273905096,73.0,False,1.0
2021-03-02,121.64925384521484,154.72650146484375,31.14909553527832,102.31673431396484,130.84072875976562,351.414306640625,256.745361328125,223.5064239501953,228.81333923339844,207.16497802734375,-1.059627866880668,0.1583226308784213,74.0,False,1.0
2021-03-03,118.67413330078125,150.25,31.92935562133789,99.68655395507812,133.3701629638672,348.92498779296875,253.18663024902344,217.47607421875,217.73333740234375,206.28170776367188,0.27689429787213393,0.07086194537072234,75.0,False,1.0
2021-03-04,116.79766845703125,148.8784942626953,32.15843200683594,100.80267333984375,131.3204803466797,338.512939453125,255.39723205566406,216.682861328125,207.14666748046875,203.06532287597656,1.8257750433371411,0.3871502630794792,76.0,False,1.0
2021-03-05,118.0518798828125,150.0229949951172,32.53729248046875,103.93190002441406,131.62574768066406,349.5352478027344,261.9793701171875,221.33702087402344,199.31666564941406,206.8193817138672,0.19542296672751647,0.2701182027433931,77.0,False,-1.0
2021-03-08,113.13224792480469,147.59750366210938,32.713497161865234,99.49276733398438,133.3701629638672,359.6567687988281,253.0875244140625,217.31358337402344,187.6666717529297,211.48556518554688,0.37082127395068193,0.3028128100330225,78.0,False,0.0
2021-03-09,117.73102569580078,153.1425018310547,31.999847412109375,101.12132263183594,132.42820739746094,364.6835632324219,263.4267272949219,223.42044067382812,224.52667236328125,211.57199096679688,-1.3191674925154813,0.3093096575831014,79.0,False,0.0
2021-03-10,116.65181732177734,152.8820037841797,32.92495346069336,100.91465759277344,135.30648803710938,369.70068359375,262.593994140625,222.12071228027344,222.68666076660156,214.26991271972656,-0.3876077147169514,0.28374136779959064,80.0,False,1.0
2021-03-11,118.57686614990234,155.67950439453125,32.81040954589844,104.10387420654297,134.60000610351562,372.29644775390625,271.495849609375,226.62197875976562,233.1999969482422,217.1310577392578,1.1597103990102542,0.4388212328937755,81.0,False,1.0
2021-03-12,117.6727066040039,154.47450256347656,33.427146911621094,101.59910583496094,136.19613647460938,370.6789855957031,266.06353759765625,225.3031768798828,231.2433319091797,215.41241455078125,0.45873163864190575,0.10355572185972178,82.0,False,-1.0
2021-03-15,120.55056762695312,154.08399963378906,33.25975036621094,101.81915283203125,135.51583862304688,369.75872802734375,271.36700439453125,224.40475463867188,235.97999572753906,214.3659210205078,0.05077075802912534,0.14799225602746702,83.0,False,-1.0
2021-03-16,122.08674621582031,154.59300231933594,33.162837982177734,103.27871704101562,133.89352416992188,370.359375,276.84881591796875,227.17630004882812,225.6266632080078,215.7388916015625,1.0460849739191211,0.4504902464668651,84.0,False,0.0
2021-03-17,121.29924011230469,156.7864990234375,33.435970306396484,103.19593811035156,135.27159118652344,366.7756652832031,281.53765869140625,226.53598022460938,233.93666076660156,214.12586975097656,0.9262196384399923,0.22921672380266145,85.0,False,-1.0
2021-03-18,117.18656158447266,151.39950561523438,34.3082160949707,100.17869567871094,137.5045166015625,355.4627685546875,276.1945495605469,220.49603271484375,217.72000122070312,211.86000061035156,1.8088921608790403,0.0034388085835140698,270.0,False,-1.0
2021-03-19,116.66152954101562,153.7480010986328,33.94696807861328,100.45722198486328,135.315185546875,345.3026123046875,287.5845031738281,220.1424560546875,218.2899932861328,198.6487579345703,-1.8863717210128406,0.5835936000039673,87.0,True,-1.0
2021-03-22,119.96721649169922,155.5435028076172,33.18045425415039,100.64207458496094,131.67808532714844,347.13311767578125,290.984619140625,225.53250122070312,223.3333282470703,199.7048797607422,-1.1725860048041858,6.90089813999889e-06,88.0,False,0.0
2021-03-23,119.14080810546875,156.875,32.510860443115234,101.1694107055664,130.36105346679688,344.1015625,288.10003662109375,227.05203247070312,220.72000122070312,199.84890747070312,-0.5988153138135,0.21765499639000274,89.0,False,1.0
2021-03-24,116.75875854492188,154.35350036621094,32.510860443115234,100.73328399658203,131.372802734375,348.34393310546875,279.6839294433594,225.02597045898438,210.08999633789062,199.7720947265625,-0.6810839173641909,0.2415994009739627,90.0,False,1.0
2021-03-25,117.24488067626953,152.31300354003906,33.18045425415039,100.72980499267578,133.05615234375,347.094482421875,276.31353759765625,222.0442352294922,213.4633331298828,199.6761016845703,-0.31986153861789846,0.8770341172426697,91.0,False,1.0
2021-03-26,117.84768676757812,152.60150146484375,34.079132080078125,100.3467025756836,135.27159118652344,354.62982177734375,280.5563049316406,226.0007781982422,206.23666381835938,205.0143280029297,1.795814971015969,0.6450579212182499,92.0,False,1.0
2021-03-29,118.02268981933594,153.7864990234375,33.753143310546875,101.39044952392578,133.1695098876953,351.50140380859375,288.2884216308594,224.8157501220703,203.76333618164062,205.95523071289062,1.6841472779458229,0.7147408576844472,277.0,False,-1.0
2021-03-30,116.57402801513672,152.76449584960938,34.352256774902344,101.42414855957031,134.73951721191406,346.93951416015625,285.492919921875,221.57594299316406,211.8733367919922,203.4493408203125,0.9794553356293199,0.3120688090055064,278.0,False,-1.0
2021-03-31,118.7616195678711,154.70399475097656,34.08793640136719,102.21959686279297,132.77708435058594,344.8570251464844,291.966064453125,225.322265625,222.64332580566406,203.2860870361328,0.9426458313274239,0.30080032315701655,279.0,False,-1.0
2021-04-01,119.58805084228516,158.0500030517578,34.792781829833984,105.55303192138672,134.0679931640625,351.8790588378906,296.06011962890625,231.61068725585938,220.5833282470703,208.21151733398438,1.306995745867421,0.3597753342270076,5.0,True,-1.0
2021-04-05,122.4075927734375,161.3365020751953,35.06591033935547,109.97284698486328,134.778564453125,356.7413635253906,306.22088623046875,238.0328826904297,230.35000610351562,210.3046112060547,1.1740096120464678,0.31302938673443115,6.0,True,0.0
2021-04-06,122.7090072631836,161.1909942626953,34.96898651123047,109.49209594726562,133.83103942871094,357.9520263671875,303.5939636230469,236.8765106201172,230.5399932861328,209.93016052246094,0.43339875691824814,0.2220849928281063,7.0,True,0.0
2021-04-07,124.35212707519531,163.96949768066406,35.286170959472656,110.967529296875,135.92796325683594,359.4145812988281,310.3645324707031,238.82614135742188,223.6566619873047,210.5254364013672,0.17492853488085147,0.280475830228996,8.0,True,0.0
2021-04-08,126.7438735961914,164.96499633789062,34.97780227661133,111.53250885009766,136.09463500976562,366.29949951171875,310.2951354980469,242.02764892578125,227.93333435058594,211.8984375,-1.4613715782229244,0.20868932704183996,284.0,True,0.0
2021-04-09,129.3106689453125,168.61000061035156,35.233314514160156,112.53561401367188,137.1123504638672,368.5686340332031,309.7399597167969,244.51243591308594,225.67333984375,213.64584350585938,-0.9267516850017576,0.18175635330444417,285.0,True,0.0
2021-04-12,127.59947204589844,168.96949768066406,35.29498291015625,111.24457550048828,136.8227996826172,368.33587646484375,308.8280029296875,244.5697784423828,233.9933319091797,212.63771057128906,-1.0578526169991689,0.17191868782901593,286.0,True,0.0
2021-04-13,130.7009735107422,170.0,34.64300537109375,111.73075866699219,135.1909637451172,366.6777038574219,307.0635070800781,247.03541564941406,254.10667419433594,212.20565795898438,-0.4849512687950515,0.1359090174718231,287.0,True,0.0
2021-04-14,128.3675537109375,166.64999389648438,35.136390686035156,111.1102523803711,132.66419982910156,366.8619384765625,300.1839294433594,244.26397705078125,244.07666015625,213.12733459472656,0.6788226647371263,0.13332677051356145,288.0,True,0.0
2021-04-15,130.76905822753906,168.95449829101562,34.13199234008789,113.25820922851562,133.5064239501953,374.7845153808594,305.1403503417969,248.00074768066406,246.28334045410156,217.255859375,1.2965725014616463,0.10754755999565807,289.0,True,0.0
2021-04-16,130.4384765625,169.9720001220703,34.493228912353516,113.13430786132812,134.49781799316406,374.47418212890625,303.5146179199219,249.18576049804688,246.5933380126953,217.3806915283203,1.1994296539811369,0.11028974581320283,290.0,True,0.0
2021-04-19,131.0995635986328,168.60049438476562,34.51084518432617,113.48172760009766,133.9275665283203,370.58563232421875,299.60894775390625,247.27432250976562,238.2100067138672,216.78541564941406,1.6249494557392574,0.08916996231128649,291.0,True,0.0
2021-04-20,129.41757202148438,166.7344970703125,33.55048751831055,112.94895935058594,130.962158203125,365.2231750488281,300.01544189453125,246.81570434570312,239.663330078125,214.3755340576172,1.329172073300652,0.024493932576866252,292.0,False,0.0
2021-04-21,129.7967529296875,168.1009979248047,34.11437225341797,112.91625213623047,132.07632446289062,371.497314453125,298.84564208984375,249.0328369140625,248.0399932861328,218.37916564941406,1.2067773410888885,0.18604159637657186,6.0,True,-1.0
2021-04-22,128.28005981445312,165.45199584960938,33.79719161987305,111.63610076904297,129.29515075683594,371.74932861328125,293.9387512207031,245.77395629882812,239.89666748046875,218.4944305419922,0.7984416780708972,0.008791088227037266,7.0,False,0.0
2021-04-23,130.59408569335938,167.04400634765625,34.519657135009766,113.98576354980469,131.76927185058594,375.337158203125,298.5086364746094,249.57754516601562,243.13333129882812,220.82752990722656,0.5893973273616325,0.008752309039198677,8.0,False,0.0
2021-04-26,130.98297119140625,170.4499969482422,34.7222900390625,114.48137664794922,132.0939178466797,375.7348937988281,300.4020080566406,249.95982360839844,246.06666564941406,221.1539764404297,-0.054678403512206764,0.011399156980805578,9.0,False,0.0
2021-04-27,130.66207885742188,170.8715057373047,35.136390686035156,113.54220581054688,132.69924926757812,377.2864074707031,300.92742919921875,250.36126708984375,234.913330078125,220.7410888671875,-2.000880034999444,0.004640617161518103,297.0,False,0.0
2021-04-28,129.87454223632812,172.9250030517578,35.26854705810547,116.91529083251953,133.55911254882812,383.6670837402344,304.4266357421875,243.27960205078125,231.46665954589844,224.13992309570312,-1.5399483058314452,0.0005846630907196263,298.0,False,1.0
2021-04-29,129.77734375,173.5655059814453,36.220088958740234,118.58647918701172,136.156005859375,377.1700744628906,326.6415710449219,241.32041931152344,225.6666717529297,227.41392517089844,1.88713365496903,0.001540166710577019,299.0,False,1.0
2021-04-30,127.81338500976562,173.37100219726562,35.70907974243164,116.64071655273438,134.94528198242188,370.4886474609375,322.2501220703125,241.00511169433594,236.47999572753906,224.2455291748047,1.3528452026349083,0.1518636500305326,300.0,False,-1.0
2021-05-03,128.86338806152344,169.32449340820312,35.735511779785156,116.1242904663086,134.55047607421875,367.9093017578125,319.7718811035156,240.6992645263672,228.3000030517578,223.33343505859375,1.0399783008898682,0.42242251600512426,301.0,False,-1.0
2021-05-04,124.30348205566406,165.593505859375,36.1231689453125,114.32774353027344,136.4104461669922,364.5250244140625,315.5885925292969,236.8096160888672,224.53334045410156,222.7765350341797,1.0158576000461912,0.6250958329403115,302.0,False,-1.0
2021-05-05,124.54656219482422,163.52699279785156,36.46678161621094,114.72124481201172,138.20028686523438,357.96002197265625,312.2777099609375,235.54811096191406,223.64666748046875,220.0690155029297,0.9687639667633259,0.9560544978470318,303.0,False,-1.0
2021-05-06,126.14109802246094,165.31849670410156,37.01303482055664,115.84031677246094,140.9814453125,364.1079406738281,317.2341613769531,238.66363525390625,221.17999267578125,222.09490966796875,-0.09712184800703877,0.9794898843333046,304.0,False,-1.0
2021-05-07,126.81309509277344,164.58050537109375,37.1628303527832,116.56289672851562,141.4640350341797,364.03033447265625,316.3023681640625,241.27267456054688,224.1233367919922,222.86294555664062,0.02315102115515802,0.9583213060704541,305.0,False,0.0
2021-05-10,123.54071807861328,159.52450561523438,37.048274993896484,113.58035278320312,141.44647216796875,355.2447204589844,303.3065185546875,236.22665405273438,209.67999267578125,216.9582061767578,-1.1569595639285812,0.954582579978901,306.0,False,0.0
2021-05-11,122.6252670288086,161.19549560546875,36.62537384033203,112.50538635253906,139.09519958496094,356.476318359375,303.861572265625,235.3187713623047,205.73333740234375,216.4877471923828,-1.6292928745241169,0.9278994935193785,307.0,False,1.0
2021-05-12,119.56715393066406,157.5970001220703,36.281768798828125,109.04557037353516,138.1388702392578,345.8191223144531,299.9162902832031,228.4091033935547,196.6300048828125,211.83120727539062,-1.2544613732114045,0.8861434672231239,308.0,False,1.0
2021-05-13,121.70977783203125,158.07350158691406,36.863250732421875,110.47241973876953,141.69212341308594,349.1161804199219,302.6026611328125,232.2605438232422,190.56333923339844,215.12918090820312,-0.6899578697645856,0.9251122742105697,309.0,False,1.0
2021-05-14,124.12506866455078,161.14500427246094,37.321407318115234,112.91773986816406,143.89427185058594,352.88836669921875,313.1896667480469,237.15365600585938,196.5800018310547,218.20603942871094,-0.2322381195304861,0.9017768907554784,310.0,False,1.0
2021-05-17,122.97586059570312,163.51950073242188,37.65620422363281,113.44009399414062,144.47332763671875,352.2967834472656,312.7138671875,234.3152618408203,192.27667236328125,217.7252655029297,-1.1517414433330138,0.897327995614941,8.0,True,1.0
2021-05-18,121.59291076660156,161.61399841308594,37.14519500732422,112.12922668457031,142.4378662109375,352.07379150390625,307.2617492675781,232.30833435058594,192.6233367919922,216.88877868652344,-1.7806473616249099,0.9430706083464572,7.0,True,0.0
2021-05-19,121.43708801269531,161.58999633789062,36.97779846191406,112.57675170898438,141.34996032714844,350.047119140625,310.8601989746094,232.883056640625,187.82000732421875,215.94647216796875,-1.5113780314803023,0.8778627657012856,8.0,True,0.0
2021-05-20,123.98872375488281,162.38400268554688,36.88969421386719,114.33368682861328,141.1042938232422,356.5635986328125,315.83642578125,236.10157775878906,195.5933380126953,217.7252655029297,-1.051140474829067,0.6556389424048836,9.0,True,0.0
2021-05-21,122.15779876708984,160.1540069580078,37.356651306152344,113.69830322265625,142.70986938476562,356.4667053222656,313.4771728515625,234.84674072265625,193.6266632080078,218.0426025390625,-0.7759637654859195,0.5939030322615527,10.0,True,0.0
2021-05-24,123.78421020507812,162.24949645996094,37.55928421020508,117.01441192626953,143.48193359375,361.10186767578125,321.8040771484375,240.22048950195312,202.14666748046875,220.49444580078125,0.4297820152733726,0.5084087335200905,11.0,True,0.0
2021-05-25,123.58941650390625,162.95249938964844,37.01303482055664,117.1051025390625,141.99923706054688,356.09814453125,324.93658447265625,241.1209716796875,201.56333923339844,220.20599365234375,1.2616994553608616,0.5987505457525983,14.0,True,0.0
2021-05-26,123.54071807861328,163.25799560546875,37.03947067260742,117.96943664550781,141.9816436767578,351.6665954589844,324.8076477050781,240.90061950683594,206.3766632080078,218.33102416992188,-0.3437475698498589,0.43962154526831204,15.0,True,0.0
2021-05-27,122.01168060302734,161.5054931640625,37.488807678222656,117.09569549560547,144.1925811767578,351.0362548828125,329.8533630371094,238.81243896484375,210.28334045410156,218.12911987304688,-0.7728276261111865,0.24842655806142772,16.0,True,0.0
2021-05-28,121.35916900634766,161.15350341796875,37.34783935546875,116.80674743652344,144.0960693359375,349.6592712402344,325.8683776855469,239.1668243408203,208.4066619873047,218.55218505859375,-0.31098418029410946,0.20402014659365703,17.0,True,0.0
2021-06-01,121.03778839111328,160.9324951171875,37.81478500366211,118.0125503540039,145.68402099609375,348.89312744140625,326.2649230957031,236.9828338623047,207.96665954589844,217.90798950195312,-0.9914533851951456,0.4039296714123531,18.0,True,0.0
2021-06-02,121.79743194580078,161.69949340820312,37.83241653442383,117.48770904541016,145.69281005859375,355.7392883300781,326.28466796875,236.8870391845703,201.7066650390625,220.8213653564453,0.9949728204591266,0.336637956247005,19.0,True,0.0
2021-06-03,120.31708526611328,159.35049438476562,38.26594924926758,116.3473129272461,145.7893524169922,350.8617248535156,323.2018127441406,235.36402893066406,190.94667053222656,219.33102416992188,0.48513832531104767,0.331121819713923,20.0,True,0.0
2021-06-04,122.60577392578125,160.31100463867188,38.28363800048828,118.62661743164062,146.02622985839844,354.9344787597656,327.4742736816406,240.2301025390625,199.68333435058594,221.2829132080078,1.3049542173158781,0.008065918540340614,324.0,False,0.0
2021-06-07,122.61552429199219,159.90049743652344,38.150936126708984,119.05928039550781,145.34190368652344,353.0532531738281,333.6500244140625,243.12295532226562,201.7100067138672,222.41751098632812,1.663043221814181,0.3106006578269285,325.0,False,-1.0
2021-06-08,123.43360137939453,163.20550537109375,37.9385871887207,118.86796569824219,144.7628173828125,354.19744873046875,330.7752380371094,241.93515014648438,201.19667053222656,223.119384765625,1.2309951637890792,0.39829721069391444,5.0,True,-1.0
2021-06-09,123.81343078613281,164.0574951171875,37.443119049072266,119.33880615234375,142.9554901123047,352.3260192871094,327.3751220703125,242.9121856689453,199.5933380126953,223.36936950683594,1.2070797459129432,0.6063991505679236,6.0,True,0.0
2021-06-10,122.82003021240234,167.4824981689453,36.885719299316406,120.68634796142578,140.72703552246094,353.2666320800781,329.5658874511719,246.40853881835938,203.3733367919922,224.9462432861328,1.361481441233906,0.705949457745102,7.0,True,0.0
2021-06-11,124.0276870727539,167.3415069580078,37.0361213684082,120.4420166015625,140.6305389404297,354.4302062988281,328.3763427734375,247.0311279296875,203.29666137695312,225.91738891601562,1.2643399461522475,0.7859036997838632,8.0,True,0.0
2021-06-14,127.07601165771484,169.19349670410156,36.59374237060547,121.36930084228516,138.24412536621094,355.4193420410156,333.8383483886719,248.9469451904297,205.89666748046875,225.07122802734375,-0.08793656098585498,0.9121077491933942,9.0,True,0.0
2021-06-15,126.25794219970703,169.156494140625,36.62028884887695,120.3523178100586,136.14724731445312,356.97088623046875,333.8185729980469,247.48130798339844,199.7866668701172,224.01358032226562,-1.4929878678180766,0.9358966791499551,10.0,True,0.0
2021-06-16,126.75464630126953,170.7624969482422,36.823787689208984,119.71100616455078,137.10360717773438,352.80108642578125,328.1978759765625,246.5426483154297,201.6233367919922,220.7636260986328,-1.6749568194246747,0.8404927309817991,332.0,True,0.0
2021-06-17,128.3518524169922,174.46200561523438,35.21352005004883,120.6734619140625,133.146728515625,356.1660461425781,333.5806884765625,249.9144287109375,205.53334045410156,223.2155303955078,-0.7889356914199701,0.7349752404960764,333.0,True,0.0
2021-06-18,127.05657196044922,174.34500122070312,34.31106185913086,119.05531311035156,129.7777099609375,356.2921142578125,326.7903137207031,248.50631713867188,207.77000427246094,221.54248046875,-1.171554152168772,0.8469603672399961,4.0,True,0.0
2021-06-21,128.8485870361328,172.697998046875,35.16927719116211,120.74185180664062,131.97987365722656,361.7903747558594,329.3973693847656,251.5716094970703,206.94332885742188,225.30203247070312,-0.3984584229791573,0.8745189446292696,335.0,True,0.0
2021-06-22,130.48468017578125,175.27200317382812,35.36393356323242,121.25529479980469,131.78689575195312,366.5904541015625,336.07867431640625,254.33033752441406,207.90333557128906,226.85003662109375,-1.1737520121892726,0.8716626243047343,6.0,True,0.0
2021-06-23,130.21202087402344,175.1909942626953,35.56741714477539,121.0535888671875,132.58517456054688,363.7782897949219,337.6250915527344,254.10035705566406,218.85667419433594,225.64816284179688,-1.147684424944615,0.13921840770366267,7.0,True,0.0
2021-06-24,129.9296112060547,172.45399475097656,36.124820709228516,121.4233169555664,133.8047332763672,363.4000549316406,340.1925354003906,255.4606475830078,226.60667419433594,227.14813232421875,0.24980144504654084,0.0809098698634011,8.0,True,0.0
2021-06-25,129.6374053955078,170.072998046875,36.823787689208984,121.43175506591797,135.15586853027344,368.11285400390625,338.3983154296875,253.86087036132812,223.9566650390625,228.1865692138672,-1.3509989961233175,0.5047969385879887,9.0,True,0.0
2021-06-28,131.2638397216797,172.1945037841797,36.77070236206055,121.45899963378906,135.40151977539062,356.5442199707031,352.5440673828125,257.40509033203125,229.57333374023438,225.0808868408203,1.5033167513488725,0.6117536743434473,340.0,True,0.0
2021-06-29,132.77337646484375,172.40699768066406,36.17791748046875,121.19780731201172,135.2348175048828,356.8544921875,348.8267822265625,259.9722595214844,226.9199981689453,226.86924743652344,1.5564447382500581,0.7528215743477231,341.0,True,0.0
2021-06-30,133.38699340820312,172.00799560546875,36.478721618652344,121.01641845703125,136.46310424804688,354.0326843261719,344.68310546875,259.49334716796875,226.56666564941406,224.8212432861328,0.8063336069571293,0.9089830410161339,342.0,True,0.0
2021-07-01,133.68893432617188,171.64849853515625,36.75300216674805,121.3683090209961,137.81423950195312,359.4823913574219,351.30499267578125,260.16387939453125,225.97332763671875,226.10006713867188,-0.18531996416613777,0.8713140432964943,343.0,True,0.0
2021-07-02,136.30873107910156,175.5489959716797,36.4079475402832,124.15657806396484,137.68185424804688,363.671630859375,351.6123352050781,265.95916748046875,226.3000030517578,229.44615173339844,0.22745730847904377,0.7201938484053415,344.0,True,0.0
2021-07-06,138.31495666503906,183.78700256347656,35.45240783691406,125.08088684082031,135.3699493408203,364.7286071777344,349.708984375,265.9686584472656,219.86000061035156,230.3787841796875,-0.08277798938101127,0.7441576892856776,345.0,True,0.0
2021-07-07,140.79849243164062,184.82899475097656,35.16927719116211,125.36238861083984,135.52882385253906,362.5952453613281,347.4388732910156,268.14306640625,214.88333129882812,230.76341247558594,0.866742684341785,0.5117525939374056,346.0,True,0.0
2021-07-08,139.50314331054688,186.57049560546875,34.31106185913086,123.94495391845703,133.19041442871094,359.4010925292969,342.64105224609375,265.73876953125,217.60333251953125,227.50387573242188,-0.8797722551809053,0.555992075553479,347.0,True,0.0
2021-07-09,141.32437133789062,185.9669952392578,35.42585754394531,124.415283203125,137.4524383544922,362.0709228515625,347.36956787109375,266.2368469238281,218.98333740234375,229.2922821044922,-0.7629068936214322,0.22736479447189833,348.0,True,0.0
2021-07-12,140.73028564453125,185.92750549316406,35.9478759765625,125.85948181152344,139.42018127441406,364.61468505859375,350.0857238769531,265.6430358886719,228.56666564941406,228.7154083251953,-1.7696441046190399,0.45154852776887644,349.0,True,0.0
2021-07-13,141.8405303955078,183.8679962158203,35.266605377197266,126.22225952148438,137.3465576171875,372.5270690917969,349.0250244140625,269.14892578125,222.84666442871094,233.02294921875,-1.2137908715723393,0.36534339228395696,350.0,True,0.0
2021-07-14,145.25897216796875,184.08399963378906,34.3818473815918,127.1098861694336,136.87889099121094,379.4103698730469,344.60382080078125,270.6145324707031,217.7933349609375,236.5228729248047,-0.8736587670739834,0.3447675964698127,351.0,True,0.0
2021-07-15,144.60643005371094,181.55999755859375,34.35530471801758,125.88870239257812,137.17889404296875,378.85711669921875,341.4614562988281,269.1968078613281,216.86666870117188,238.98434448242188,0.8520303369856571,0.43626981265375187,352.0,True,0.0
2021-07-16,142.5709686279297,178.68150329589844,33.5501594543457,125.8540267944336,134.0463409423828,375.8377380371094,338.19012451171875,268.9285888671875,214.74000549316406,238.5708770751953,1.2945809750918729,0.4009233241817393,353.0,True,0.0
2021-07-19,138.73377990722656,177.47950744628906,32.674259185791016,123.48304748535156,129.6873016357422,354.7992248535156,334.016845703125,265.3460693359375,215.4066619873047,231.1575927734375,1.8116841937648425,0.3639893016151373,354.0,True,0.0
2021-07-20,142.33726501464844,178.6595001220703,33.3466682434082,125.10020446777344,132.1050262451172,363.478759765625,338.685791015625,267.55877685546875,220.1666717529297,233.35948181152344,0.6088092924537881,0.9247421762140966,355.0,True,0.0
2021-07-21,141.60679626464844,179.25999450683594,34.02793884277344,126.42794799804688,134.88467407226562,368.9834289550781,343.2160339355469,269.5511779785156,218.42999267578125,234.2825469970703,-0.3548699397654879,0.660665412666769,356.0,True,0.0
2021-07-22,142.97032165527344,181.90150451660156,33.58555603027344,127.2927474975586,133.1815643310547,371.02227783203125,348.1328430175781,274.091552734375,216.4199981689453,234.7440948486328,-0.9049625665794157,0.5971179264074561,357.0,True,0.0
2021-07-23,144.68435668945312,182.83200073242188,33.35551452636719,131.84588623046875,132.92572021484375,381.79876708984375,366.5709533691406,277.47308349609375,214.4600067138672,239.436279296875,-1.1527679407058231,0.559026533483468,358.0,True,0.0
2021-07-26,145.10317993164062,184.99099731445312,33.73597717285156,132.85691833496094,133.81692504882812,381.3521728515625,369.21771240234375,276.87908935546875,219.2066650390625,240.61891174316406,-0.5691960741590736,0.5431712337987153,359.0,True,0.0
2021-07-27,142.9410400390625,181.3195037841797,33.603248596191406,130.7406768798828,133.64047241210938,378.89581298828125,364.608154296875,274.47479248046875,214.92666625976562,241.27276611328125,0.566539411686044,0.49515515367436086,360.0,True,0.0
2021-07-28,141.19775390625,181.51600646972656,33.73597717285156,134.8978271484375,133.86106872558594,372.2649230957031,370.03057861328125,274.1683654785156,215.66000366210938,237.4363250732422,0.9601229241823693,0.45350050636412076,361.0,True,0.0
2021-07-29,141.8405303955078,179.99600219726562,34.22258758544922,134.58409118652344,135.00819396972656,377.4783935546875,355.20074462890625,274.4364929199219,225.78334045410156,238.37860107421875,-0.9241298927916535,0.41599460994386483,362.0,True,0.0
2021-07-30,142.05477905273438,166.37950134277344,33.93946075439453,133.5423583984375,133.931640625,374.69207763671875,353.1983947753906,272.9134826660156,229.06666564941406,236.907470703125,-0.6186828512495129,0.3515282326793586,363.0,True,0.0
2021-08-02,141.72364807128906,166.57400512695312,33.58555603027344,133.6692352294922,133.3933563232422,364.3232421875,348.88623046875,272.8272399902344,236.55667114257812,230.5518798828125,-0.8244920599070487,0.33045183571221903,364.0,True,0.0
2021-08-03,143.51568603515625,168.31199645996094,34.10757064819336,134.4379119873047,134.91110229492188,356.8865966796875,348.182373046875,275.0304260253906,236.5800018310547,227.9654083251953,0.41994610085426326,0.3652307992405664,365.0,True,0.0
2021-08-04,143.1163787841797,167.73599243164062,33.85983657836914,133.9378662109375,133.4551239013672,357.2845764160156,355.79559326171875,274.446044921875,236.97332763671875,227.5615692138672,-0.26803746806593703,0.32316412562869423,366.0,True,0.0
2021-08-05,143.2234649658203,168.79949951171875,34.523414611816406,135.053955078125,135.1405487060547,361.1001281738281,359.8103332519531,277.3293151855469,238.2100067138672,230.96534729003906,1.2371244164711872,0.33301115002291354,367.0,True,0.0
2021-08-06,142.54074096679688,167.2469940185547,35.52318572998047,134.54544067382812,138.97900390625,363.6146240234375,360.3455810546875,277.2718505859375,233.03334045410156,232.1095428466797,0.4268368297700293,0.2165773749983832,368.0,True,0.0
2021-08-09,142.4919891357422,167.093505859375,35.98326110839844,135.70960998535156,138.8290252685547,359.8768005371094,358.462158203125,276.1894226074219,237.9199981689453,230.76341247558594,0.655293921808131,0.018964436200965315,369.0,False,0.0
2021-08-10,142.0140380859375,166.03399658203125,36.65568161010742,135.60455322265625,140.53201293945312,357.11962890625,357.9863586425781,274.3789978027344,236.663330078125,228.90769958496094,-0.8883130026993629,0.7358135497154534,370.0,False,0.0
2021-08-11,142.2676544189453,164.60549926757812,37.11576461791992,135.08120727539062,142.20858764648438,353.62445068359375,356.8265380859375,274.8675537109375,235.94000244140625,226.01351928710938,-1.7352620955414952,0.2319208468356086,371.0,False,1.0
2021-08-12,145.22303771972656,165.1750030517578,37.29270935058594,135.98817443847656,142.7645263671875,351.43035888671875,359.4930725097656,277.60711669921875,240.75,223.17323303222656,-1.7663157965131084,0.06604391466458075,372.0,False,1.0
2021-08-13,145.42784118652344,164.69850158691406,36.83262252807617,136.51699829101562,141.16741943359375,352.17791748046875,360.01849365234375,280.51904296875,239.05667114257812,224.001220703125,-0.9955763495541586,0.00599177653552135,373.0,False,1.0
2021-08-16,147.39810180664062,164.94949340820312,36.531822204589844,137.09385681152344,140.24085998535156,352.9643249511719,363.3690490722656,282.19549560546875,228.72332763671875,226.61053466796875,0.42797393413556756,0.00925345596863143,374.0,False,1.0
2021-08-17,146.49098205566406,162.09800720214844,36.3548583984375,135.46034240722656,138.54664611816406,352.6439514160156,355.3296813964844,280.7394104003906,221.90333557128906,225.81134033203125,0.09706002392164459,0.011601629928976303,375.0,False,1.0
2021-08-18,142.75531005859375,160.06100463867188,36.08943176269531,134.25848388671875,137.2847900390625,350.430419921875,352.35577392578125,279.0216064453125,229.663330078125,223.0191650390625,-0.9740102267333676,0.08820860273507708,376.0,False,0.0
2021-08-19,143.0869140625,159.3874969482422,35.558570861816406,134.48744201660156,136.13763427734375,346.896484375,352.0286560058594,284.8182678222656,224.49000549316406,222.96139526367188,0.6343106927645286,0.10923422612167205,377.0,False,1.0
2021-08-20,144.5402374267578,159.99749755859375,35.717838287353516,136.22158813476562,136.52590942382812,344.64404296875,356.24163818359375,292.1026306152344,226.75332641601562,222.75917053222656,1.0079839906823214,0.05494038453145091,378.0,False,1.0
2021-08-23,146.02279663085938,163.2935028076172,36.19559860229492,138.81065368652344,138.27310180664062,350.4886474609375,360.18701171875,292.38092041015625,235.43333435058594,225.43585205078125,0.4201899709035766,0.055007845630563205,379.0,False,-1.0
2021-08-24,145.93502807617188,165.28900146484375,36.699913024902344,140.0198974609375,139.12904357910156,351.2362060546875,362.3282165527344,290.4326171875,236.163330078125,225.53207397460938,0.18602660467832557,0.007319729688931327,380.0,False,-1.0
2021-08-25,144.70606994628906,164.95899963378906,37.29270935058594,140.83023071289062,141.99685668945312,348.63433837890625,365.1831359863281,289.8472595214844,237.06666564941406,223.9434814453125,-0.2197783352160291,0.005218219200863201,381.0,False,0.0
2021-08-26,143.90626525878906,165.8000030517578,37.19538879394531,140.1973419189453,142.72923278808594,342.5762023925781,361.20806884765625,287.044921875,233.72000122070312,221.95042419433594,0.8974304549883099,0.00034173693396481503,382.0,False,0.0
2021-08-27,144.94017028808594,167.48150634765625,37.593528747558594,142.73829650878906,143.87637329101562,345.3625183105469,369.3861999511719,287.6494445800781,237.30667114257812,224.03976440429688,1.4630522651998388,0.010038976747851494,383.0,False,-1.0
2021-08-30,149.3488006591797,171.07850646972656,36.85917282104492,143.3196563720703,141.57330322265625,342.7605895996094,377.3462219238281,291.3636169433594,243.6366729736328,222.63401794433594,0.9222987402385451,0.06408119042859922,384.0,False,-1.0
2021-08-31,148.09059143066406,173.5395050048828,36.93880844116211,143.4257049560547,141.14089965820312,336.1393737792969,376.0774230957031,289.7224426269531,245.24000549316406,220.58319091796875,1.408728659915106,0.08380591769606693,385.0,False,-1.0
2021-09-01,148.7538299560547,173.9499969482422,36.443328857421875,143.93914794921875,140.9379425048828,339.3820495605469,378.7242126464844,289.6744384765625,244.69667053222656,221.5652618408203,0.47066261330684617,0.02838147702485132,10.0,True,-1.0
2021-09-02,149.86575317382812,173.156005859375,36.478904724121094,142.02761840820312,141.59091186523438,331.3337097167969,372.01312255859375,289.0218811035156,244.1300048828125,215.8461151123047,-1.7249963414591991,0.11604746852787995,387.0,True,0.0
2021-09-03,150.49977111816406,173.90249633789062,36.505592346191406,142.4761199951172,140.73500061035156,330.3142395019531,372.984619140625,289.0122375488281,244.52333068847656,216.74154663085938,-0.2641294846225218,0.02586882479758741,388.0,False,0.0
2021-09-07,152.83094787597656,175.46449279785156,36.745689392089844,143.01235961914062,140.48789978027344,334.6636962890625,378.8530578613281,288.0909729003906,250.97332763671875,217.85841369628906,-1.0148239535186492,0.11931764254503202,389.0,False,0.0
2021-09-08,151.28982543945312,176.27499389648438,36.265480041503906,142.42803955078125,139.8614501953125,340.80926513671875,374.283203125,288.1197509765625,251.2899932861328,220.5736083984375,-0.8768296977078665,0.08404654670410472,390.0,False,1.0
2021-09-09,150.27545166015625,174.20799255371094,36.398868560791016,142.2793731689453,140.47027587890625,341.16839599609375,374.7095031738281,285.2789611816406,251.6199951171875,219.03305053710938,-1.6052730594245666,0.11059745345447419,391.0,False,1.0
2021-09-10,145.301025390625,173.45750427246094,35.81193923950195,139.63780212402344,138.85548400878906,337.265625,375.3935241699219,283.8009338378906,245.42333984375,216.54898071289062,-1.4134752883607307,0.0809583198757376,6.0,True,1.0
2021-09-13,145.8667449951172,172.85850524902344,36.407772064208984,141.0814971923828,141.0614776611328,337.6830139160156,373.2324523925781,285.02935791015625,247.6666717529297,216.27940368652344,-1.144715392165909,0.13874027760384455,7.0,True,0.0
2021-09-14,144.47198486328125,172.5,35.429542541503906,141.2916259765625,138.59959411621094,335.7218933105469,373.25225830078125,287.7166442871094,248.163330078125,214.73883056640625,-1.074165326264897,0.4014161311233884,8.0,True,0.0
2021-09-15,145.35955810546875,173.7895050048828,35.69633102416992,143.1600799560547,139.56138610839844,334.7025451660156,370.6650085449219,292.5439758300781,251.94332885742188,215.48983764648438,0.2451388393040214,0.6016308263469138,9.0,True,0.0
2021-09-16,145.12548828125,174.41200256347656,35.972015380859375,142.34774780273438,139.49966430664062,336.217041015625,369.8124084472656,292.9280090332031,252.3300018310547,215.99057006835938,0.7946145344713642,0.4186229909711511,396.0,True,0.0
2021-09-17,142.4627227783203,173.12600708007812,36.01647186279297,139.5624542236328,139.13787841796875,333.04229736328125,361.5450744628906,287.79345703125,253.163330078125,213.5064697265625,-0.18442352950465626,0.5116342662434293,397.0,True,0.0
2021-09-20,139.41952514648438,167.7864990234375,34.780364990234375,137.50025939941406,134.972900390625,329.7900085449219,352.6036376953125,282.4476623535156,243.38999938964844,211.86965942382812,0.3592955263074063,0.6087003132499939,398.0,True,0.0
2021-09-21,139.8974151611328,167.18150329589844,34.79813766479492,137.8109893798828,134.99053955078125,327.5473327636719,354.3681640625,282.9276428222656,246.4600067138672,211.98516845703125,1.5763594578655329,0.6508901033837011,399.0,True,0.0
2021-09-22,142.25790405273438,169.00250244140625,35.69633102416992,139.05047607421875,137.57598876953125,333.4015197753906,340.22235107421875,286.5553283691406,250.64666748046875,214.4692840576172,0.6373056252919245,0.5308400276528292,400.0,True,0.0
2021-09-23,143.21377563476562,170.8000030517578,37.07474136352539,139.9748077392578,142.2262420654297,343.7509460449219,342.9483337402344,287.4958801269531,251.2133331298828,219.8225555419922,0.35291418023917,0.5482258666731621,401.0,True,0.0
2021-09-24,143.30152893066406,171.2760009765625,37.47491455078125,140.96502685546875,143.86753845214844,347.7216491699219,349.8874206542969,287.29437255859375,258.1300048828125,222.98065185546875,1.35020781888021,0.5806296401223354,402.0,True,0.0
2021-09-27,141.78968811035156,170.2899932861328,38.4709358215332,139.8320770263672,147.34422302246094,346.37225341796875,350.50201416015625,282.3229675292969,263.78668212890625,221.06460571289062,-0.3775526654403012,0.5448598972604379,403.0,True,0.0
2021-09-28,138.4149169921875,165.79800415039062,38.38200378417969,134.6361541748047,146.55006408691406,340.94512939453125,337.6845703125,272.101806640625,259.1866760253906,217.17477416992188,-1.6230377701482877,0.5107658026662781,404.0,True,0.0
2021-09-29,139.31228637695312,165.05599975585938,38.30196762084961,133.17262268066406,146.4353790283203,342.8965759277344,336.65362548828125,272.5625305175781,260.4366760253906,218.25315856933594,-1.0733711828427015,0.6442762590946304,405.0,True,0.0
2021-09-30,138.0150146484375,164.2519989013672,37.7505989074707,132.50108337402344,144.44110107421875,337.54718017578125,336.43560791015625,270.56634521484375,258.49334716796875,214.4692840576172,-1.2753563528332732,0.7835248765849375,406.0,True,0.0
2021-10-01,139.1366729736328,164.16299438476562,38.31086349487305,135.3428955078125,147.47659301757812,349.6827697753906,340.02410888671875,277.4571533203125,258.40667724609375,221.8926544189453,-0.1552536225529503,0.8733392190505228,407.0,True,0.0
2021-10-04,135.71315002441406,159.48899841308594,38.542083740234375,132.4847412109375,147.3177490234375,334.1686096191406,323.3901672363281,271.7082824707031,260.510009765625,216.37567138671875,1.8349328598688048,0.7912057713524416,408.0,True,0.0
2021-10-05,137.6346435546875,161.0500030517578,39.32465362548828,134.8274383544922,149.72349548339844,333.20745849609375,330.0615234375,277.1308898925781,260.1966552734375,215.94239807128906,1.275604543833663,0.6907176970441694,409.0,True,0.0
2021-10-06,138.50265502929688,163.10049438476562,39.342437744140625,136.3559112548828,150.04306030273438,338.52777099609375,330.73565673828125,281.3056640625,260.9166564941406,218.08949279785156,0.6326638912573048,0.6689504414741703,410.0,True,0.0
2021-10-07,139.76092529296875,165.1215057373047,39.235721588134766,138.00132751464844,150.99290466308594,344.0296325683594,326.3541259765625,282.9756164550781,264.53668212890625,221.9793243408203,0.888448122411277,0.6751465607073405,411.0,True,0.0
2021-10-08,139.38055419921875,164.43099975585938,39.431373596191406,138.55690002441406,151.1083221435547,345.0503845214844,327.1768493652344,282.9756164550781,261.8299865722656,221.70970153808594,0.18479612696498532,0.6963790894789054,412.0,True,0.0
2021-10-11,139.29275512695312,162.31500244140625,38.9333610534668,137.6930389404297,147.93026733398438,337.4584045410156,322.616943359375,282.3805236816406,263.9800109863281,216.74154663085938,-1.6918605159190505,0.29447255548900525,413.0,True,0.0
2021-10-12,138.0247344970703,162.3665008544922,38.719940185546875,135.24972534179688,146.79397583007812,335.69891357421875,320.9515380859375,281.08489990234375,268.5733337402344,215.720947265625,-1.1797665805159134,0.429333900593844,414.0,True,0.0
2021-10-13,137.43955993652344,164.21400451660156,38.36422348022461,136.3727569580078,142.9235076904297,332.7924499511719,321.7148132324219,284.3768005371094,270.3599853515625,214.19004821777344,-0.8788739722528552,0.5867940466636437,415.0,True,0.0
2021-10-14,140.21934509277344,164.9929962158203,40.0805549621582,139.91038513183594,145.11614990234375,334.9601745605469,325.6700744628906,290.55743408203125,272.7733459472656,216.80889892578125,0.9465776278856557,0.43391667547113383,416.0,True,0.0
2021-10-15,141.2727508544922,170.4510040283203,41.236637115478516,140.12547302246094,147.9036407470703,346.0613708496094,321.93292236328125,291.95867919921875,281.010009765625,222.4029541015625,1.314248799384826,0.1205545567030491,417.0,True,0.0
2021-10-18,142.94061279296875,172.33700561523438,41.1566047668457,141.5230712890625,147.85037231445312,348.4332580566406,332.4208068847656,294.91455078125,290.03668212890625,222.07557678222656,-0.07817250843100768,0.11079061647133603,418.0,True,0.0
2021-10-19,145.09620666503906,172.20750427246094,41.3344612121582,141.97805786132812,149.64358520507812,351.9910583496094,337.0303649902344,295.8167419433594,288.0899963378906,224.83888244628906,0.6515370903535254,0.024568310063386015,419.0,False,0.0
2021-10-20,145.5838623046875,170.7530059814453,41.87693405151367,140.52294921875,151.65869140625,346.8099060058594,337.8134765625,295.02972412109375,288.6000061035156,222.81695556640625,0.806410527075997,0.08449627846573476,420.0,False,0.0
2021-10-21,145.7984619140625,171.75050354003906,41.64572525024414,140.638916015625,150.46917724609375,346.265380859375,338.9039001464844,298.2448425292969,298.0,221.68080139160156,-0.8032227830370705,0.5859357598662978,421.0,False,-1.0
2021-10-22,145.0279083251953,166.77749633789062,42.303794860839844,136.35740661621094,152.49314880371094,348.6568298339844,321.7841796875,296.70928955078125,303.2266540527344,222.63401794433594,-0.9254050479143646,0.7680093739365701,422.0,False,1.0
2021-10-25,144.97915649414062,166.01849365234375,42.25043869018555,136.2389678955078,151.74749755859375,350.7856140136719,325.8286437988281,295.7207946777344,341.6199951171875,225.18551635742188,1.2783691494432339,0.7708697867168983,423.0,False,1.0
2021-10-26,145.64244079589844,168.80349731445312,42.65061950683594,138.08407592773438,152.15585327148438,347.344482421875,313.0608215332031,297.62103271484375,339.4766540527344,223.20205688476562,0.7100259448376384,0.7876338414448172,424.0,False,-1.0
2021-10-27,145.18399047851562,169.62449645996094,41.83247756958008,144.93235778808594,148.98666381835938,326.34747314453125,309.5021057128906,310.155029296875,345.9533386230469,207.7583770751953,-1.8909335646476233,0.08780310411200698,425.0,False,-1.0
2021-10-28,148.81234741210938,172.32850646972656,42.49054718017578,144.56707763671875,151.2325897216797,323.7326354980469,314.1612243652344,311.2875671386719,359.0133361816406,202.0391845703125,-1.7686866808692672,0.13842475229581674,426.0,False,1.0
2021-10-29,146.110595703125,168.6215057373047,42.49054718017578,146.7447967529297,150.8153839111328,326.1531066894531,320.7532653808594,318.2648010253906,371.3333435058594,203.8974609375,-0.9684639015544483,0.29322255139230524,427.0,False,1.0
2021-11-01,145.29129028320312,165.90550231933594,42.552799224853516,142.23574829101562,150.73548889160156,324.72412109375,327.10748291015625,316.1053771972656,402.86334228515625,204.5618133544922,-0.1352179077303828,0.2793462588261962,428.0,False,1.0
2021-11-02,146.3251953125,165.6374969482422,42.57947540283203,144.1542510986328,151.3302764892578,319.3095703125,325.2239990234375,319.7139892578125,390.6666564941406,201.36520385742188,0.4418911948011022,0.14639371237082327,429.0,False,0.0
2021-11-03,147.7589569091797,169.1999969482422,43.015235900878906,145.30950927734375,151.3834991455078,320.23309326171875,328.7331848144531,320.54888916015625,404.6199951171875,200.3638916015625,0.3963874578318264,0.49519047572576524,430.0,False,0.0
2021-11-04,147.24205017089844,173.85000610351562,42.09037780761719,146.96434020996094,149.3949737548828,326.0655517578125,332.9263916015625,322.8905944824219,409.9700012207031,201.0186004638672,-1.0058013471386444,0.5934637761503075,431.0,False,0.0
2021-11-05,147.7694854736328,175.94949340820312,41.77021789550781,147.54368591308594,149.1819610595703,339.0526428222656,338.160400390625,322.5260009765625,407.36334228515625,208.61529541015625,-1.5686066187948007,0.6454115855399825,432.0,False,1.0
2021-11-08,146.94895935058594,174.44900512695312,42.09925079345703,147.7211456298828,150.0785675048828,339.9081115722656,335.6722717285156,323.41845703125,387.64666748046875,212.2932891845703,-0.1572780924173256,0.9575536031327322,433.0,False,1.0
2021-11-09,147.31040954589844,178.81149291992188,41.690185546875,147.60960388183594,148.94227600097656,335.0281982421875,332.4505310058594,322.42041015625,341.1666564941406,205.4572296142578,-0.9969634146453259,0.9450763736052183,434.0,False,0.0
2021-11-10,144.48745727539062,174.1024932861328,42.00143814086914,144.61119079589844,148.8002471923828,347.9472351074219,324.7879333496094,317.47772216796875,355.98333740234375,207.91189575195312,-1.8062114677588732,0.7847880981841369,435.0,False,1.0
2021-11-11,144.43862915039062,173.625,42.232662200927734,144.4853057861328,148.79135131835938,344.44775390625,324.886962890625,319.04205322265625,354.5033264160156,202.95428466796875,-1.4219030694053192,1.0,436.0,False,1.0
2021-11-12,146.50941467285156,176.25750732421875,41.71685791015625,147.3712158203125,148.12554931640625,353.3520202636719,337.92254638671875,323.1593933105469,344.47332763671875,204.5650634765625,-1.2688089916902954,0.9877636262684502,7.0,True,1.0
2021-11-15,146.51919555664062,177.28399658203125,41.84136962890625,147.147216796875,147.8592529296875,351.2717590332031,344.5343933105469,322.53558349609375,337.7966613769531,204.76759338378906,-0.533828006676426,0.9908099720230846,8.0,True,0.0
2021-11-16,147.49600219726562,177.03500366210938,41.8680419921875,146.5762939453125,146.79397583007812,359.2428283691406,339.97442626953125,325.8369445800781,351.57666015625,207.54539489746094,-0.006916760557600692,0.9841888794457999,9.0,True,0.0
2021-11-17,149.92820739746094,177.4499969482422,41.36114501953125,146.7457733154297,146.00392150878906,349.1428527832031,337.80352783203125,326.0581359863281,363.0033264160156,197.78445434570312,-1.2864487731746124,0.9909813071079214,10.0,True,0.0
2021-11-18,154.20654296875,184.80299377441406,41.19218063354492,148.5215301513672,144.7433319091797,338.4984436035156,335.7416076660156,328.1253356933594,365.4599914550781,196.11585998535156,0.5171049380088255,0.9931052164986566,17.0,True,0.0
2021-11-19,156.8243865966797,183.82850646972656,40.374027252197266,147.61753845214844,142.8525390625,330.23583984375,342.29412841796875,329.89447021484375,379.0199890136719,193.7334747314453,1.1848357552439677,0.9835483517185835,442.0,True,0.0
2021-11-22,157.283447265625,178.6284942626953,41.1566047668457,145.01611328125,145.8973846435547,312.3300476074219,338.0414733886719,326.7408142089844,385.6233215332031,188.64083862304688,1.7326003095339,0.9697775573031249,443.0,True,0.0
2021-11-23,157.66441345214844,179.0019989013672,42.24154281616211,144.5006866455078,149.3861083984375,319.81512451171875,334.3141784667969,324.673583984375,369.6766662597656,191.44757080078125,1.1690296751725255,0.8962305081698684,4.0,True,0.0
2021-11-24,158.18214416503906,179.02049255371094,42.35716247558594,144.835693359375,148.21435546875,330.5080261230469,338.0910339355469,324.89471435546875,372.0,196.03866577148438,0.7996508765594826,0.5901718341233246,5.0,True,0.0
2021-11-26,153.1711883544922,175.22799682617188,40.69417190551758,140.93331909179688,143.7490997314453,315.1199951171875,330.2201843261719,316.9817199707031,360.6400146484375,190.6373748779297,1.3139457918466997,0.6337004274191788,6.0,True,0.0
2021-11-29,156.5216064453125,178.07850646972656,40.542991638183594,144.2513885498047,143.12767028808594,313.9923400878906,335.0874328613281,323.6640319824219,378.9966735839844,189.32566833496094,1.1119320830613748,0.6696219505471755,7.0,True,0.0
2021-11-30,161.4641571044922,175.35350036621094,39.5469856262207,140.6503448486328,140.99716186523438,306.128173828125,321.6355285644531,317.8567199707031,381.586669921875,186.89503479003906,1.5508755007035977,0.8966025305749585,8.0,True,0.0
2021-12-01,160.94644165039062,172.18600463867188,38.986724853515625,139.811767578125,140.16270446777344,297.7294006347656,307.8962097167969,317.3663635253906,365.0,183.41314697265625,1.2874541974305083,0.9229251758822528,9.0,True,0.0
2021-12-02,159.95985412597656,171.8679962158203,40.11262893676758,141.7094268798828,143.10992431640625,311.26080322265625,307.6880187988281,316.7990417480469,361.5333251953125,191.25466918945312,0.9112878720969997,0.03337747785204257,10.0,False,0.0
2021-12-03,158.08445739746094,169.489501953125,39.20117950439453,140.75340270996094,140.51776123046875,313.117431640625,304.1689453125,310.5686340332031,338.3233337402344,189.35459899902344,-0.3971848372838716,0.03873759711910679,11.0,False,-1.0
2021-12-06,161.48370361328125,171.36849975585938,39.451393127441406,141.89675903320312,142.1778106689453,324.024169921875,315.1028747558594,313.62615966796875,336.336669921875,195.48892211914062,-0.39398002345075167,0.7032843040420352,12.0,False,-1.0
2021-12-07,167.20770263671875,176.1645050048828,39.9517822265625,145.97509765625,144.31724548339844,330.03173828125,319.9998779296875,322.0198669433594,350.5833435058594,200.0124969482422,0.4304655225127626,0.6661677129265062,13.0,False,-1.0
2021-12-08,171.0172119140625,176.1580047607422,39.4603157043457,146.88404846191406,142.6660919189453,332.7826843261719,327.682373046875,322.0679626464844,356.32000732421875,201.5749969482422,0.7591567600435976,0.5618231860015183,14.0,False,-1.0
2021-12-09,170.50926208496094,174.17100524902344,39.75519561767578,146.3408966064453,142.4441375732422,334.9018249511719,326.9488830566406,320.26995849609375,334.6000061035156,203.8898468017578,1.4919394844164142,0.2448035477092827,15.0,False,-1.0
2021-12-10,175.28578186035156,172.21200561523438,39.78200149536133,146.70066833496094,141.8759765625,340.151123046875,326.8795166015625,329.3464050292969,339.010009765625,205.8285369873047,1.261661822545655,0.07358927522698244,16.0,False,-1.0
2021-12-13,171.66188049316406,169.5675048828125,38.942054748535156,144.5447998046875,140.18934631347656,335.6698303222656,331.5782165527344,326.3273620605469,322.13665771484375,203.53302001953125,0.8077387157312313,0.45065620866181433,17.0,False,-1.0
2021-12-14,170.28463745117188,169.0915069580078,39.43351745605469,142.64218139648438,141.26345825195312,331.04266357421875,330.8346862792969,315.6933288574219,319.5033264160156,202.52989196777344,1.0211010862446515,0.7307034184077047,18.0,False,-1.0
2021-12-15,175.13929748535156,173.31500244140625,39.26372528076172,145.1538848876953,140.20704650878906,336.6808166503906,338.685791015625,321.7603454589844,325.3299865722656,204.7772674560547,0.8516878968528157,0.6853423845235491,19.0,False,-1.0
2021-12-16,168.26263427734375,168.87100219726562,40.2109260559082,143.17544555664062,142.3997802734375,343.0673522949219,331.9847106933594,312.38580322265625,308.97332763671875,206.76414489746094,0.017133798709398802,0.5673833263168206,20.0,False,-1.0
2021-12-17,167.16860961914062,170.0175018310547,39.210121154785156,140.4793701171875,139.15957641601562,339.55810546875,330.88433837890625,311.32818603515625,310.8566589355469,204.3625030517578,-1.5671890620211035,0.5656813504812808,21.0,False,0.0
2021-12-20,165.8109130859375,167.07899475097656,38.566749572753906,140.3623809814453,136.65618896484375,327.6112060546875,322.616943359375,307.58807373046875,299.9800109863281,201.33389282226562,1.4309819772438184,0.5821144852463853,22.0,False,1.0
2021-12-21,168.9757080078125,170.41700744628906,39.487125396728516,142.2114715576172,138.56478881835938,340.9482116699219,331.29071044921875,314.6837463378906,312.84332275390625,207.73826599121094,1.3387035777345022,0.7101663381603267,23.0,False,-1.0
2021-12-22,171.564208984375,171.03700256347656,39.567543029785156,145.12811279296875,139.10630798339844,347.5000305175781,327.57342529296875,320.36614990234375,336.2900085449219,210.2267608642578,0.7166968145171309,0.6288667964793064,24.0,False,-1.0
2021-12-23,172.18939208984375,171.06849670410156,39.69265365600586,145.62521362304688,139.6033935546875,350.51348876953125,332.3216857910156,321.7987976074219,355.6666564941406,208.93434143066406,-1.0999410924303294,0.2532317298307627,25.0,False,-1.0
2021-12-27,176.14541625976562,169.66949462890625,39.88924026489258,146.6065216064453,140.40237426757812,350.2510070800781,343.16650390625,329.2599182128906,364.64666748046875,209.9084930419922,-0.22796338374062372,0.5619594225935938,26.0,False,1.0
2021-12-28,175.12953186035156,170.66099548339844,39.94285202026367,145.39772033691406,140.82846069335938,350.7078857421875,343.2061462402344,328.1061096191406,362.8233337402344,210.3135986328125,-0.3726985180502736,0.7543908914568329,27.0,False,1.0
2021-12-29,175.21742248535156,169.2010040283203,39.88030242919922,145.36599731445312,140.75747680664062,351.2037048339844,339.9547424316406,328.7791748046875,362.0633239746094,210.4292755126953,-0.5561657495144336,0.7929609877759725,28.0,False,1.0
2021-12-30,174.06483459472656,168.64450073242188,39.79094696044922,144.91549682617188,140.68646240234375,350.9120178222656,341.36224365234375,326.2504577636719,356.7799987792969,210.1399688720703,-0.9500383590736544,0.6773320588138315,29.0,False,1.0
2021-12-31,173.44943237304688,166.7169952392578,39.75519561767578,143.578857421875,140.57102966308594,349.2886962890625,333.42205810546875,323.36602783203125,352.260009765625,209.02113342285156,-1.4594251103800215,0.6690867264785554,6.0,True,1.0
2022-01-03,177.78640747070312,170.4044952392578,41.265342712402344,143.71713256835938,143.54490661621094,360.5940246582031,335.5929870605469,321.8564147949219,399.9266662597656,213.5736541748047,-1.7476326187349833,0.49506373173970236,7.0,True,0.0
2022-01-04,175.52996826171875,167.52200317382812,42.882713317871094,143.13031005859375,148.98666381835938,364.9100646972656,333.6004638671875,316.33758544921875,383.1966552734375,214.567138671875,-1.6367970826935623,0.6027446965793486,8.0,True,0.0
2022-01-05,170.8609161376953,164.35699462890625,42.15891647338867,136.5640411376953,146.2628631591797,363.461669921875,321.34808349609375,304.19403076171875,362.7066650390625,212.1943817138672,-1.4520584737382787,0.025646281168740372,9.0,False,0.0
2022-01-06,168.0086669921875,163.25399780273438,43.007816314697266,136.53677368164062,147.81680297851562,360.1424560546875,329.5658874511719,301.7903137207031,354.8999938964844,211.95323181152344,-0.5663056430930662,0.13605622900758801,10.0,False,1.0
2022-01-07,168.17471313476562,162.5540008544922,43.946075439453125,135.8126983642578,149.28138732910156,359.80181884765625,328.9017639160156,301.9441833496094,342.32000732421875,209.26226806640625,-1.1254820122241964,0.5153503747024163,11.0,False,1.0
2022-01-10,168.1942901611328,161.48599243164062,43.72267150878906,137.45066833496094,149.42425537109375,354.21478271484375,325.2141418457031,302.165283203125,352.7066650390625,204.4492950439453,-1.4736612508450697,0.6862543180785647,12.0,False,1.0
2022-01-11,171.0172119140625,165.36199951171875,43.97287368774414,138.5078125,149.5760498046875,356.5313415527344,331.459228515625,302.8479919433594,354.79998779296875,206.77378845214844,-0.465090358975412,0.8838303905618005,13.0,False,1.0
2022-01-12,171.4567413330078,165.20700073242188,43.660133361816406,140.18743896484375,150.42446899414062,357.524169921875,330.3589782714844,306.01123046875,368.739990234375,208.0565948486328,0.483433885384865,0.8593443713930349,14.0,False,1.0
2022-01-13,168.1942901611328,161.21400451660156,43.57076644897461,137.36891174316406,150.2369384765625,359.6752624511719,323.6379699707031,293.0600280761719,343.85333251953125,207.37179565429688,-0.36191485446801097,0.7270820493747423,15.0,False,1.0
2022-01-14,169.05381774902344,162.13800048828125,42.81122589111328,138.25457763671875,141.00283813476562,362.2254943847656,329.01080322265625,298.2520446777344,349.8699951171875,207.0535125732422,-0.7933921542992652,0.8518490216203722,16.0,False,1.0
2022-01-18,165.8597412109375,158.91749572753906,41.33682632446289,134.8026885986328,135.0908966064453,356.541015625,315.3804626464844,290.99285888671875,343.5033264160156,208.0565948486328,1.6432793363276363,0.8598366129788728,17.0,False,1.0
2022-01-19,162.37257385253906,156.2989959716797,41.497676849365234,133.9289093017578,133.00112915039062,351.1194763183594,316.8078918457031,291.64666748046875,331.8833312988281,207.06309509277344,1.4662816692657432,0.7890266020194598,18.0,False,-1.0
2022-01-20,160.69248962402344,151.66749572753906,40.881103515625,132.13580322265625,131.86703491210938,354.3022766113281,313.8043518066406,289.9832458496094,332.0899963378906,206.7448272705078,0.5646308306683918,0.8253652146384636,19.0,False,-1.0
2022-01-21,158.64122009277344,142.64300537109375,40.13943099975586,129.205810546875,129.56295776367188,345.6199645996094,300.5308532714844,284.6278381347656,314.6333312988281,198.62359619140625,-1.4898209536791247,0.8386839733110126,20.0,False,-1.0
2022-01-24,157.86956787109375,144.54400634765625,39.80881881713867,129.65432739257812,129.44686889648438,340.11083984375,306.0225830078125,284.95477294921875,310.0,194.6883544921875,-1.4275534258801028,0.9100075792734805,21.0,False,1.0
2022-01-25,156.07220458984375,139.98599243164062,40.59516525268555,125.81932067871094,130.85784912109375,329.73480224609375,297.5371398925781,277.3782653808594,306.1333312988281,194.8330535888672,-0.30231650426030987,0.9893373577417784,22.0,False,1.0
2022-01-26,155.9843292236328,138.87249755859375,41.01514434814453,128.09713745117188,132.09918212890625,335.4775695800781,292.0651550292969,285.2816467285156,312.4700012207031,198.56570434570312,0.45062802236418703,0.9849017224415052,23.0,False,1.0
2022-01-27,155.52523803710938,139.6374969482422,40.630897521972656,127.87112426757812,129.76834106445312,341.191162109375,292.0751037597656,288.29107666015625,276.3666687011719,198.83578491210938,0.29709092527691167,0.9818528638392934,24.0,False,1.0
2022-01-28,166.37744140625,143.97799682617188,40.988319396972656,132.17893981933594,130.92930603027344,372.31915283203125,299.08355712890625,296.38677978515625,282.1166687011719,219.91053771972656,1.8132352573603414,0.9744256314399287,25.0,False,1.0
2022-01-31,170.72412109375,149.57350158691406,41.22959899902344,134.11428833007812,132.70648193359375,376.08612060546875,310.5329895019531,299.0020446777344,312.239990234375,218.14547729492188,0.7447450684970978,0.6974504127545383,26.0,False,-1.0
2022-02-01,170.55810546875,151.19349670410156,41.94445037841797,136.4342041015625,134.9837188720703,381.61474609375,316.2230529785156,296.8675231933594,310.4166564941406,224.1158905029297,0.9699389118005582,0.41496008542546503,27.0,False,-1.0
2022-02-02,171.75955200195312,150.6125030517578,41.8997688293457,146.69918823242188,133.9031524658203,386.1798400878906,320.1882629394531,301.3865051269531,301.88665771484375,227.0673065185547,0.6878167281344237,0.47217675957769667,6.0,True,-1.0
2022-02-03,168.88780212402344,138.8455047607422,41.488739013671875,141.8323211669922,132.79576110839844,379.677734375,235.6902618408203,289.6468200683594,297.0466613769531,223.32498168945312,0.20684251750564478,0.5096888848204978,7.0,True,0.0
2022-02-04,168.60415649414062,157.63949584960938,43.14185333251953,142.03355407714844,136.242919921875,372.0174865722656,235.02610778808594,294.1561279296875,307.7733459472656,220.28668212890625,-0.17128868223238772,0.30941540085757,30.0,True,0.0
2022-02-07,167.8902130126953,157.9355010986328,43.34737014770508,137.9775390625,136.69837951660156,366.109130859375,222.95213317871094,289.3582458496094,302.4466552734375,219.100341796875,1.3356836918880655,0.21476395280042965,9.0,True,0.0
2022-02-08,170.99058532714844,161.4134979248047,44.124786376953125,138.17379760742188,139.2703094482422,364.3960266113281,218.26329040527344,292.82928466796875,307.3333435058594,219.85267639160156,1.7221757979915675,0.2571998016448508,10.0,True,0.0
2022-02-09,172.4087371826172,161.1894989013672,44.03542709350586,140.34750366210938,139.850830078125,371.20947265625,229.9804229736328,299.2231750488281,310.6666564941406,222.6787109375,0.5318091310594667,0.567531795538335,11.0,True,0.0
2022-02-10,168.34010314941406,159.0034942626953,43.82990264892578,137.40164184570312,139.2703094482422,364.4154968261719,226.0846405029297,290.7333068847656,301.51666259765625,217.94009399414062,-0.040881545790472165,0.42615133527787546,12.0,True,0.0
2022-02-11,164.93650817871094,153.2935028076172,42.82015609741211,133.1022491455078,137.45745849609375,359.9186096191406,217.6387939453125,283.6759338378906,286.6666564941406,217.07058715820312,0.9553561216583282,0.3584766104131114,13.0,True,0.0
2022-02-14,165.17124938964844,155.16700744628906,42.373374938964844,134.33480834960938,136.18038940429688,364.191650390625,215.8048858642578,283.63751220703125,291.9200134277344,217.6985321044922,-1.07647618947091,0.46728777148234113,14.0,True,0.0
2022-02-15,168.99537658691406,156.510498046875,42.704010009765625,135.40782165527344,138.17189025878906,371.37506103515625,219.07615661621094,288.8968811035156,307.4766540527344,220.09446716308594,-1.6633862035003442,0.32593705151190594,15.0,True,0.0
2022-02-16,168.76065063476562,158.10049438476562,42.60570526123047,136.52737426757812,138.42193603515625,372.72802734375,214.6549835205078,288.5596008300781,307.7966613769531,221.06053161621094,-1.1508303625698786,0.21181774536820208,3.0,True,0.0
2022-02-17,165.17124938964844,154.65249633789062,41.16705322265625,131.3740692138672,135.2338104248047,363.74395751953125,205.90187072753906,280.11004638671875,292.1166687011719,216.99327087402344,0.022184714043292177,0.282469987031459,39.0,True,0.0
2022-02-18,163.6259765625,152.60150146484375,41.06874465942383,129.2568359375,135.86782836914062,360.0938720703125,204.36537170410156,277.4122009277344,285.6600036621094,215.13839721679688,0.30042607416310035,0.3559430647708234,40.0,True,0.0
2022-02-22,160.71141052246094,150.19749450683594,40.71132278442383,128.6725311279297,135.626708984375,358.47796630859375,200.3208770751953,277.20989990234375,273.84332275390625,213.81491088867188,0.43693523710586385,0.3852548001496501,41.0,True,0.0
2022-02-23,156.55474853515625,144.82699584960938,40.01433563232422,126.46659088134766,132.78684997558594,351.6061096191406,196.7224578857422,270.0320739746094,254.67999267578125,208.626953125,-0.1860503281366712,0.4243054191850164,42.0,True,0.0
2022-02-24,159.16612243652344,151.35800170898438,38.95991134643555,131.52471923828125,129.08966064453125,359.5390319824219,205.79281616210938,283.8290100097656,266.92333984375,209.93116760253906,-1.8687348146038658,0.39133850336152176,43.0,True,0.0
2022-02-25,161.2297821044922,153.7884979248047,40.22880172729492,133.27772521972656,132.1438751220703,359.2567138671875,208.6477508544922,286.4496154785156,269.9566650390625,211.83438110351562,-0.713427154027693,0.2695553912008601,44.0,True,0.0
2022-02-28,161.4938507080078,153.56300354003906,39.49606704711914,133.8699493408203,126.6337661743164,351.20709228515625,209.19297790527344,287.8756103515625,290.1433410644531,208.7912139892578,0.31737009424537826,0.2502813972103126,45.0,True,0.0
2022-03-01,159.61593627929688,151.14199829101562,37.95017623901367,132.8831787109375,121.85597229003906,335.30242919921875,201.7185821533203,284.1759033203125,288.1233215332031,201.88363647460938,1.288914257882358,0.27397351610818577,46.0,True,0.0
2022-03-02,162.90220642089844,152.05250549316406,38.566749572753906,133.38870239257812,124.38330841064453,334.9227294921875,206.29840087890625,289.22442626953125,293.2966613769531,201.41026306152344,0.7913115244151454,0.28512716945760563,511.0,True,0.0
2022-03-03,162.57943725585938,147.89849853515625,38.1536865234375,132.72262573242188,123.4991683959961,331.9054260253906,201.20315551757812,285.1103820800781,279.7633361816406,200.20269775390625,0.6306767349946268,0.11008703557840555,512.0,True,0.0
2022-03-04,159.58660888671875,145.64100646972656,36.770851135253906,130.74713134765625,120.02523803710938,321.9478759765625,198.31846618652344,279.2716979980469,279.42999267578125,193.4979705810547,-0.3844016513840175,0.37452966629265394,513.0,True,0.0
2022-03-07,155.8016357421875,137.4530029296875,34.42721939086914,125.2677230834961,115.39032745361328,304.58319091796875,185.83804321289062,268.7217712402344,268.1933288574219,184.2332000732422,-0.9317561900961921,0.44681558434261265,50.0,True,0.0
2022-03-08,153.98248291015625,136.01449584960938,34.651702880859375,125.98735046386719,114.5776596069336,305.9556579589844,188.63351440429688,265.77349853515625,274.79998779296875,185.208984375,-1.0966017219467314,0.3540670918435541,51.0,True,0.0
2022-03-09,159.37147521972656,139.2790069580078,36.85166931152344,132.24732971191406,119.16790008544922,319.387939453125,196.77203369140625,277.96142578125,286.3233337402344,192.98594665527344,-1.002096102863913,0.09396740175765966,52.0,True,0.0
2022-03-10,155.0387725830078,146.8175048828125,36.519432067871094,131.2655487060547,117.75688171386719,315.94232177734375,193.51065063476562,275.15771484375,279.4333190917969,191.25665283203125,-1.1494063044620684,0.004033450521248199,5.0,True,0.0
2022-03-11,151.33200073242188,145.52450561523438,36.21413040161133,128.72901916503906,115.10454559326172,316.136962890625,185.97683715820312,269.8393859863281,265.1166687011719,190.03939819335938,-1.8464215687446706,0.16057681880107044,6.0,True,0.0
2022-03-14,147.312255859375,141.85299682617188,36.99533462524414,124.8439712524414,116.24761962890625,319.83575439453125,185.00535583496094,266.3420104980469,255.4566650390625,193.53663635253906,-0.337485247537807,0.14198951440367902,7.0,True,0.0
2022-03-15,151.68408203125,147.3665008544922,37.26472091674805,128.06243896484375,118.3105697631836,326.07501220703125,190.35833740234375,276.66082763671875,267.2966613769531,199.149658203125,1.3790610545403386,0.012387790813638437,56.0,False,0.0
2022-03-16,156.08523559570312,153.10400390625,38.43204116821289,132.10903930664062,123.597412109375,335.49700927734375,201.8573760986328,283.6363220214844,280.07666015625,204.68533325195312,1.2870455436863275,0.05839566890300443,57.0,False,-1.0
2022-03-17,157.0926513671875,157.23899841308594,38.638572692871094,132.6626434326172,125.16020202636719,337.21026611328125,206.0307159423828,284.43597412109375,290.5333251953125,206.21176147460938,1.128705037371385,0.26022082723194073,3.0,True,-1.0
2022-03-18,160.3788299560547,161.25050354003906,38.521854400634766,134.9290313720703,125.1155776977539,340.762939453125,214.6054229736328,289.4556579589844,301.7966613769531,211.67977905273438,1.6227217602012116,0.2898654580679735,4.0,True,0.0
2022-03-21,161.7481231689453,161.4915008544922,38.46796417236328,134.9052734375,124.71369934082031,336.37310791015625,209.64895629882812,288.2320556640625,307.0533447265625,209.6800079345703,1.1944972261779006,0.9563137435744754,5.0,True,0.0
2022-03-22,165.11257934570312,164.88900756835938,39.67122268676758,138.63865661621094,127.36602783203125,340.21783447265625,214.76405334472656,292.95306396484375,331.32666015625,211.06150817871094,0.597233887484557,0.9611269571584877,6.0,True,0.0
2022-03-23,166.4720458984375,163.4080047607422,38.69245529174805,137.06015014648438,124.829833984375,333.0635986328125,211.60182189941406,288.5500183105469,333.03668212890625,207.40000915527344,0.29341863059681267,0.9461498075230022,7.0,True,0.0
2022-03-24,170.24728393554688,163.64950561523438,38.674495697021484,140.32769775390625,125.6424789428711,340.0426025390625,217.6586151123047,292.99163818359375,337.97332763671875,209.94082641601562,-0.779058407348415,0.959709444442063,8.0,True,0.0
2022-03-25,170.8830108642578,164.77349853515625,39.26713562011719,140.42779541015625,126.74092102050781,339.72137451171875,219.88902282714844,292.5869140625,336.8800048828125,211.0228271484375,-0.33218451772920693,0.9236238122609948,9.0,True,0.0
2022-03-28,171.74366760253906,168.99049377441406,39.10551071166992,140.21221923828125,125.80320739746094,341.15228271484375,221.6436004638672,299.35052490234375,363.9466552734375,213.2834930419922,1.1425257479210627,0.9602054724426394,10.0,True,0.0
2022-03-29,175.0299072265625,169.31500244140625,39.00672912597656,141.25296020507812,126.08003234863281,357.75775146484375,227.8590545654297,303.888427734375,366.5233459472656,220.38426208496094,-0.6457413644534308,0.9812133463304509,11.0,True,0.0
2022-03-30,173.86605834960938,166.30099487304688,38.61164855957031,140.69097900390625,125.50849151611328,352.5892639160156,225.8665313720703,302.39508056640625,364.663330078125,216.3556671142578,-1.4207431672391093,0.9561412777611946,531.0,True,0.0
2022-03-31,170.77540588378906,162.99749755859375,37.01329803466797,137.84521484375,121.73986053466797,347.85870361328125,220.42431640625,297.0477600097656,359.20001220703125,214.2495880126953,-0.8924134750161243,0.9314190597943587,532.0,True,0.0
2022-04-01,170.4820098876953,163.55999755859375,36.72595977783203,138.91867065429688,120.8378677368164,354.2731628417969,222.8926544189453,298.1172790527344,361.5299987792969,218.6839599609375,-0.45602717372547025,0.9218529207811073,533.0,True,0.0
2022-04-04,174.5213165283203,168.34649658203125,36.6630973815918,141.71490478515625,121.37371826171875,357.1347961425781,231.8539276123047,303.4645080566406,381.8166809082031,220.01715087890625,-0.8415503458928177,0.9213037948173286,5.0,True,0.0
2022-04-05,171.21554565429688,164.05499267578125,36.04352951049805,139.35528564453125,119.96124267578125,353.6404724121094,229.8218231201172,299.52392578125,363.7533264160156,218.423095703125,-0.8851397319355845,0.897695883901866,6.0,True,0.0
2022-04-06,168.05648803710938,158.75599670410156,35.6484260559082,135.34783935546875,118.29688262939453,344.1307678222656,221.3561553955078,288.5596008300781,348.586669921875,211.58319091796875,-1.851607683308878,0.879594159494464,7.0,True,0.0
2022-04-07,168.359619140625,157.7845001220703,35.37005615234375,134.69415283203125,117.93701171875,340.7095031738281,221.00917053222656,290.3612976074219,352.4200134277344,208.8201446533203,-1.5690622467392057,0.7958509088202028,8.0,True,0.0
2022-04-08,166.3546905517578,154.4604949951172,35.6214714050293,132.11599731445312,120.09620666503906,343.3607482910156,220.39459228515625,286.1220703125,341.8299865722656,209.62203979492188,-1.43929194668059,0.8512859849358001,9.0,True,0.0
2022-04-11,162.11000061035156,151.1219940185547,35.54964828491211,127.69124603271484,119.6553726196289,338.5846862792969,214.57566833496094,274.83978271484375,325.30999755859375,207.46762084960938,-0.8659912645556298,0.04242185003601125,10.0,False,0.0
2022-04-12,163.97804260253906,150.78750610351562,35.1724967956543,126.59197235107422,118.34185791015625,337.05426025390625,212.27589416503906,271.7567443847656,328.98333740234375,204.23123168945312,-1.5307480277043402,0.021671357759130077,11.0,False,1.0
2022-04-13,166.65789794921875,155.54100036621094,34.85822677612305,128.75230407714844,114.52728271484375,346.1581115722656,213.11849975585938,277.1135559082031,340.7900085449219,206.037841796875,-1.8454441038484872,0.016010058867310443,12.0,False,1.0
2022-04-14,161.66009521484375,151.7064971923828,33.73579406738281,125.61614990234375,113.4656753540039,348.7703857421875,208.35035705566406,269.6081848144531,328.3333435058594,205.57411193847656,-1.465942308347253,0.7063472678826148,13.0,False,1.0
2022-04-18,161.4449005126953,152.78500366210938,34.88515853881836,126.55432891845703,115.57090759277344,347.7760925292969,208.93524169921875,270.27294921875,334.7633361816406,205.9412078857422,-0.8139015563968526,0.9510623624691728,14.0,False,1.0
2022-04-19,163.7237548828125,158.11549377441406,35.53169250488281,128.86630249023438,117.96400451660156,354.6673583984375,215.4182891845703,274.87835693359375,342.7166748046875,208.3854217529297,-0.862515074446696,0.9367679721812873,15.0,False,1.0
2022-04-20,163.55747985839844,153.9980010986328,35.61250686645508,126.91461944580078,118.3778305053711,356.05145263671875,198.6753387451172,275.8995361328125,325.73333740234375,210.404541015625,-0.11279437777858109,0.98009240561559,16.0,False,1.0
2022-04-21,162.76528930664062,148.29600524902344,34.93904113769531,123.71747589111328,117.4601821899414,355.222900390625,186.43283081054688,270.5523376464844,336.260009765625,209.11000061035156,0.49467378126616424,0.9687440141214488,17.0,False,0.0
2022-04-22,158.23692321777344,144.35000610351562,33.72681427001953,118.58399200439453,114.0864486694336,342.2982177734375,182.50729370117188,264.02001953125,335.01666259765625,201.11074829101562,0.44830044075542647,0.9736522379429425,18.0,False,0.0
2022-04-25,159.302978515625,146.07400512695312,33.484378814697266,121.99226379394531,114.05046081542969,345.6318054199219,185.36221313476562,270.4656677246094,332.67333984375,202.83042907714844,0.27447532998099505,0.9765819927667287,19.0,False,0.0
2022-04-26,153.35653686523438,139.39100646972656,32.730098724365234,117.6071548461914,110.67671966552734,335.4071044921875,179.3748016357422,260.3492126464844,292.1400146484375,194.28054809570312,-1.7167885743800353,0.4309186483052801,20.0,False,0.0
2022-04-27,153.13160705566406,138.16700744628906,32.55051040649414,113.2899398803711,109.23724365234375,352.425537109375,173.42703247070312,272.874267578125,293.836669921875,206.849365234375,1.0156127405621287,0.9897676190769995,21.0,False,1.0
2022-04-28,160.04635620117188,144.59649658203125,33.0533561706543,117.48077392578125,110.96460723876953,369.2490234375,203.93910217285156,279.0501403808594,292.5033264160156,213.17724609375,1.1533695276583684,0.9427649610493211,22.0,False,-1.0
2022-04-29,154.18785095214844,124.28150177001953,32.03868865966797,113.10655975341797,107.38394927978516,354.18975830078125,198.72488403320312,267.3824768066406,290.2533264160156,205.90261840820312,0.45553567140420603,0.808413782146677,8.0,True,-1.0
2022-05-02,154.49107360839844,124.5,32.45173263549805,115.5583267211914,108.36457061767578,349.9595031738281,209.29209899902344,274.07867431640625,300.9800109863281,204.35684204101562,0.4079544367979427,0.8997525263017059,9.0,True,0.0
2022-05-03,155.97769165039062,124.25350189208984,33.3406982421875,116.302734375,110.68571472167969,348.7411193847656,210.18426513671875,271.4869079589844,303.0833435058594,201.487548828125,-0.7947933984910694,0.8935452698331547,10.0,True,0.0
2022-05-04,162.37408447265625,125.92849731445312,34.67863845825195,121.18643188476562,114.34734344482422,359.19970703125,221.46517944335938,279.38739013671875,317.5400085449219,207.24546813964844,0.8109901715076917,0.9235273238229891,11.0,True,0.0
2022-05-05,153.32720947265625,116.40699768066406,33.7088623046875,115.48149871826172,111.48641204833984,344.432861328125,206.46690368652344,267.21868896484375,291.09332275390625,198.2801513671875,-1.5377334334090365,0.8487778774299345,12.0,True,0.0
2022-05-06,154.05197143554688,114.77249908447266,33.628047943115234,114.72917175292969,111.3064956665039,338.3409729003906,201.9961395263672,264.69439697265625,288.54998779296875,195.94219970703125,-0.7789406986633765,0.9397202787402538,28.0,True,0.0
2022-05-09,148.93917846679688,108.78900146484375,32.65825653076172,111.52210998535156,109.63309478759766,319.69488525390625,194.50196838378906,254.9152069091797,262.3699951171875,186.45523071289062,0.6299152441986082,0.9581048146657245,14.0,True,0.0
2022-05-10,151.33885192871094,108.85900115966797,32.110504150390625,113.3895492553711,106.96111297607422,317.10198974609375,195.92941284179688,259.655517578125,266.67999267578125,187.01553344726562,1.6450106019817086,0.942316702895851,15.0,True,0.0
2022-05-11,143.49325561523438,105.37200164794922,31.939908981323242,112.60401153564453,106.28633117675781,317.62847900390625,187.0970001220703,251.03240966796875,244.6666717529297,190.049072265625,1.5730906198278498,0.7962332813693211,16.0,True,0.0
2022-05-12,139.6341094970703,106.93049621582031,31.490938186645508,111.85218811035156,106.19639587402344,313.11553955078125,189.57521057128906,246.02236938476562,242.6666717529297,187.75021362304688,1.1886951166992983,0.5934383484602271,17.0,True,0.0
2022-05-13,144.09075927734375,113.05500030517578,31.580726623535156,115.0304946899414,107.14104461669922,324.383056640625,196.89100646972656,251.5816192626953,256.5299987792969,192.84152221679688,0.564414073849097,0.776417377578745,18.0,True,0.0
2022-05-16,142.5529327392578,110.81050109863281,31.257471084594727,113.43910217285156,106.39431762695312,321.3907470703125,198.29864501953125,251.94766235351562,241.4566650390625,191.46707153320312,0.41941406028802264,0.7848624991154602,19.0,True,0.0
2022-05-17,146.1770477294922,115.36849975585938,32.317039489746094,115.44928741455078,109.92098999023438,330.28985595703125,200.8561553955078,257.0733947753906,253.8699951171875,197.4586181640625,0.6856195622754079,0.7001724957476207,20.0,True,0.0
2022-05-18,137.9298553466797,107.11250305175781,31.320323944091797,110.91596984863281,108.04068756103516,327.4046936035156,190.56654357910156,245.36892700195312,236.60333251953125,193.57716369628906,-1.4938247781008076,0.5491279224020048,21.0,True,0.0
2022-05-19,134.53106689453125,107.31900024414062,30.934213638305664,109.41381072998047,106.43929290771484,323.8177795410156,189.62478637695312,244.46115112304688,236.47332763671875,191.0411376953125,-1.3062234017628398,0.4380971402226814,22.0,True,0.0
2022-05-20,134.76614379882812,107.59100341796875,30.404422760009766,107.95075988769531,105.56660461425781,327.6776123046875,191.85519409179688,243.90106201171875,221.3000030517578,192.64796447753906,-1.1363182313007334,0.215666025509258,23.0,True,0.0
2022-05-23,140.17283630371094,107.55699920654297,32.209293365478516,110.50811004638672,112.09818267822266,339.61785888671875,194.5217742919922,251.71368408203125,224.96665954589844,200.90444946289062,0.8179209405154816,0.27059763710615187,24.0,True,0.0
2022-05-24,137.47926330566406,104.0999984741211,32.01175308227539,105.03860473632812,113.68160247802734,332.0735778808594,179.70193481445312,250.71897888183594,209.3866729736328,196.13253784179688,0.28107886335763965,0.20830556729928895,25.0,True,0.0
2022-05-25,137.63597106933594,106.7750015258789,32.18235778808594,104.87506103515625,114.4732894897461,336.0407409667969,182.229736328125,253.5195770263672,219.60000610351562,197.30368041992188,0.07793267736464567,0.12088350495968586,26.0,True,0.0
2022-05-26,140.82908630371094,111.07749938964844,32.92763900756836,106.84507751464844,116.45257568359375,341.0409240722656,189.9618682861328,256.7836608886719,235.91000366210938,201.86270141601562,1.4794452370132731,0.015278533806436087,27.0,False,0.0
2022-05-27,146.56883239746094,115.14649963378906,33.241920471191406,111.32933044433594,118.09896087646484,348.73138427734375,193.43138122558594,263.8720397949219,253.2100067138672,206.05386352539062,1.2158130379705825,0.03019710064517293,28.0,False,-1.0
2022-05-31,145.7852325439453,120.20950317382812,33.40355682373047,112.76210021972656,118.96260070800781,348.8190612792969,191.954345703125,262.5489807128906,252.75332641601562,205.36660766601562,0.5351001544569227,0.13402982178370437,29.0,False,-1.0
2022-06-01,145.6578826904297,121.68399810791016,32.92763900756836,112.8909683227539,116.87541198730469,348.029541015625,186.99789428710938,263.0801696777344,246.7899932861328,203.1984405517578,-0.8511523748858317,0.18808956842964436,30.0,False,-1.0
2022-06-02,148.10658264160156,125.51100158691406,33.1443977355957,116.58866882324219,118.75572967529297,353.8972473144531,197.12890625,265.1661376953125,258.3333435058594,208.15426635742188,0.6651191517299173,0.10790710319637192,31.0,False,1.0
2022-06-03,142.396240234375,122.3499984741211,32.68380355834961,113.53426361083984,117.10032653808594,348.7703857421875,189.1192169189453,260.7624206542969,234.51666259765625,205.8312225341797,0.653551303797547,0.8742087970563512,32.0,False,1.0
2022-06-06,143.14065551757812,124.79000091552734,32.64767837524414,115.79373168945312,116.71346282958984,351.03167724609375,192.5590362548828,259.5360107421875,238.27999877929688,206.11195373535156,-0.11950148797528166,0.9106531065167843,33.0,False,1.0
2022-06-07,145.6578826904297,123.0,32.82830810546875,116.11984252929688,117.01934051513672,354.81353759765625,193.9468536376953,263.15740966796875,238.8866729736328,207.62191772460938,-0.25026306485107674,0.9315907138025293,34.0,False,0.0
2022-06-08,144.92327880859375,121.18000030517578,32.412872314453125,116.16395568847656,115.15703582763672,353.16632080078125,194.92822265625,261.1390075683594,241.86666870117188,206.65396118164062,-0.34364513610608943,0.9179437253236125,35.0,False,0.0
2022-06-09,139.71246337890625,116.1500015258789,31.166568756103516,113.82617950439453,112.73693084716797,340.1734619140625,182.3982696533203,255.7117919921875,239.7066650390625,199.50094604492188,-1.5397865593924622,0.8315863043012326,36.0,False,0.0
2022-06-10,134.3155517578125,109.6500015258789,29.956390380859375,110.18446350097656,107.55487823486328,326.2838134765625,174.04165649414062,244.3162841796875,232.22999572753906,193.112548828125,-0.7567261407484248,0.7258182240526684,37.0,False,1.0
2022-06-13,129.17330932617188,103.66999816894531,28.917808532714844,105.45738983154297,104.3520736694336,311.6534118652344,162.830078125,233.9541778564453,215.73666381835938,186.09503173828125,-0.3749065127234155,0.689370640910479,38.0,False,1.0
2022-06-14,130.03526306152344,102.30999755859375,28.41206169128418,105.77754974365234,102.61572265625,313.9927062988281,162.30471801757812,236.1077423095703,220.88999938964844,187.3146514892578,0.17035525057219095,0.4939828748929331,39.0,False,1.0
2022-06-15,132.6504669189453,107.66999816894531,28.944900512695312,108.79975128173828,103.83026885986328,317.1604919433594,167.87579345703125,243.12844848632812,233.0,189.86997985839844,1.7808281310459475,0.2481062708885609,40.0,False,0.0
2022-06-16,127.3906478881836,103.66000366210938,28.7642765045166,105.10154724121094,102.04893493652344,300.9705810546875,159.46961975097656,236.5712432861328,213.10000610351562,182.98797607421875,1.6179692691057894,0.43053135107012347,41.0,False,-1.0
2022-06-17,128.85989379882812,106.22000122070312,28.827495574951172,106.20179748535156,101.6890640258789,302.832275390625,162.31463623046875,239.1593475341797,216.75999450683594,183.91720581054688,1.011484064533112,0.9091916715882753,42.0,False,-1.0
2022-06-21,133.08143615722656,108.68000030517578,29.667396545410156,110.56360626220703,104.20814514160156,309.37255859375,155.682861328125,245.04058837890625,237.0366668701172,188.15675354003906,1.3995461315232915,0.29076566672346893,43.0,False,-1.0
2022-06-22,132.5720977783203,108.94999694824219,29.441619873046875,110.50761413574219,103.62335968017578,308.15423583984375,154.4933319091797,244.4514923095703,236.086669921875,187.60507202148438,0.8942612759947871,0.14256900931459354,44.0,False,-1.0
2022-06-23,135.43214416503906,112.44000244140625,28.971994400024414,111.25546264648438,102.48977661132812,308.7487487792969,157.36805725097656,249.9850311279297,235.07000732421875,190.33462524414062,1.8211734378156772,0.48291538943500445,6.0,True,-1.0
2022-06-24,138.7526397705078,116.45999908447266,29.179716110229492,116.9380874633789,105.54862213134766,322.141357421875,168.67872619628906,258.5220031738281,245.7066650390625,198.920166015625,1.7109857460733378,0.8294109420954905,7.0,True,0.0
2022-06-27,138.7526397705078,113.22000122070312,29.215837478637695,114.8154067993164,104.70294952392578,320.5135498046875,168.01458740234375,255.8083953857422,244.9199981689453,197.03271484375,0.6352467370117808,0.8217121946056315,8.0,True,0.0
2022-06-28,134.61920166015625,107.4000015258789,29.134550094604492,111.02302551269531,104.19915008544922,310.2401428222656,159.28126525878906,247.68666076660156,232.663330078125,191.7671356201172,-0.16064671368814515,0.838517179138245,9.0,True,0.0
2022-06-29,136.3724822998047,108.91999816894531,28.77330780029297,110.7197265625,103.73130798339844,314.4313659667969,162.51287841796875,251.33705139160156,228.49000549316406,193.10292053222656,-0.7826305602981797,0.7288834335074562,49.0,True,0.0
2022-06-30,133.9139862060547,106.20999908447266,28.114030838012695,108.00528717041016,101.31121063232422,307.5011901855469,159.84629821777344,248.02456665039062,224.47332763671875,190.57659912109375,-0.9042999197513811,0.6561604703546492,50.0,True,0.0
2022-07-01,136.07859802246094,109.55999755859375,28.50237464904785,107.78178405761719,102.60672760009766,310.19134521484375,158.63693237304688,250.6803436279297,227.26333618164062,192.79315185546875,-0.23302970151499672,0.6478464211013272,51.0,True,0.0
2022-07-05,138.65463256835938,113.5,28.213376998901367,112.26750183105469,102.21643829345703,311.18560791015625,166.72589111328125,253.83824157714844,233.06666564941406,194.10955810546875,0.9100993053349585,0.7037501290269912,52.0,True,0.0
2022-07-06,139.98672485351562,114.33000183105469,27.978567123413086,113.56500244140625,101.55388641357422,312.0726623535156,168.29217529296875,257.08306884765625,231.73333740234375,194.6709442138672,0.9651791080998379,0.9436283998211966,53.0,True,0.0
2022-07-07,143.3463592529297,116.33000183105469,28.77330780029297,117.73898315429688,104.1224594116211,316.35809326171875,170.69107055664062,259.1979064941406,244.5433349609375,196.29708862304688,0.2777559066221395,0.6599403849592165,54.0,True,0.0
2022-07-08,144.02218627929688,115.54000091552734,28.71009063720703,118.30447387695312,103.79570770263672,315.37213134765625,169.39248657226562,258.4833068847656,250.76333618164062,197.04241943359375,1.1545157923372893,0.8524782291815807,55.0,True,0.0
2022-07-11,141.89669799804688,111.75,28.41206169128418,114.6597900390625,102.43427276611328,316.4751892089844,161.46212768554688,255.44125366210938,234.3433380126953,198.48458862304688,1.7087334235704597,0.7974458981785018,56.0,True,0.0
2022-07-12,142.86636352539062,109.22000122070312,28.321748733520508,113.01834106445312,102.53411865234375,315.17681884765625,161.8487091064453,244.97296142578125,233.07000732421875,198.25233459472656,1.1472660696737422,0.8422460927352972,57.0,True,0.0
2022-07-13,142.50396728515625,110.4000015258789,27.852127075195312,110.3747787475586,101.5720443725586,315.6747131347656,162.06680297851562,244.05555725097656,237.0399932861328,197.60377502441406,-0.5485431961444927,0.9566985314207289,58.0,True,0.0
2022-07-14,145.42282104492188,110.62999725341797,27.210914611816406,109.39745330810547,98.02323913574219,317.29522705078125,156.67417907714844,245.36892700195312,238.31333923339844,199.3073272705078,0.5894513681027818,0.894430354250783,59.0,True,0.0
2022-07-15,147.08790588378906,113.55000305175781,29.125520706176758,110.79505157470703,102.51595306396484,324.6558532714844,163.26625061035156,247.9183807373047,240.06666564941406,203.30490112304688,1.5360591767801866,0.9511913713657469,60.0,True,0.0
2022-07-18,144.05157470703125,113.76000213623047,29.134550094604492,108.07170104980469,101.46311950683594,323.1329040527344,165.7742156982422,245.5330810546875,240.54666137695312,200.56568908691406,-1.3873970118780625,0.9551697183549429,61.0,True,0.0
2022-07-19,147.90089416503906,118.20999908447266,30.118947982788086,112.8096923828125,103.97721099853516,332.2799072265625,174.24981689453125,250.63206481933594,245.52999877929688,206.80885314941406,1.0451173918613315,0.896781755872718,62.0,True,0.0
2022-07-20,149.89898681640625,122.7699966430664,30.127986907958984,112.89891052246094,103.95909118652344,333.14874267578125,181.49620056152344,253.27809143066406,247.5,206.52813720703125,0.024257127371590612,0.9801808356428392,63.0,True,0.0
2022-07-21,152.16160583496094,124.62999725341797,30.389890670776367,113.33502197265625,104.66702270507812,338.664306640625,181.5754852294922,255.75999450683594,271.7066650390625,209.25772094726562,-0.35950608995944766,0.9715978286042599,64.0,True,0.0
2022-07-22,150.92747497558594,122.41999816894531,30.19120216369629,106.95162963867188,104.15876007080078,335.6966247558594,167.79649353027344,251.43359375,272.24334716796875,206.84756469726562,-1.4576036678343876,0.9661165576336394,65.0,True,0.0
2022-07-25,149.8108673095703,121.13999938964844,30.462141036987305,106.56507873535156,104.5762710571289,336.0188293457031,165.1992645263672,249.9560546875,268.4333190917969,207.3992919921875,-1.3380685248591908,0.9033872838607927,66.0,True,0.0
2022-07-26,148.4885711669922,114.80999755859375,29.848018646240234,104.09693908691406,102.94253540039062,333.1585388183594,157.7645721435547,243.26364135742188,258.8599853515625,205.67636108398438,-1.4831194568912203,0.6472866176079568,5.0,True,0.0
2022-07-27,153.5720672607422,120.97000122070312,30.33570098876953,112.06629180908203,104.59442138671875,335.1011047363281,168.10377502441406,259.5263671875,274.82000732421875,203.72109985351562,-1.7477854939013655,0.059278382772324556,4.0,True,0.0
2022-07-28,154.12059020996094,122.27999877929688,30.091861724853516,113.21609497070312,104.2041244506836,344.06268310546875,159.32089233398438,266.93328857421875,280.8999938964844,204.57293701171875,-1.6171668321580492,0.6590196105514399,5.0,True,0.0
2022-07-29,159.1746368408203,134.9499969482422,30.53438377380371,115.2976303100586,104.70333862304688,345.3708801269531,157.71502685546875,271.1148681640625,297.1499938964844,205.3085479736328,-0.9697992218958273,0.8150067217458801,6.0,True,0.0
2022-08-01,158.19517517089844,135.38999938964844,30.444068908691406,113.85047149658203,103.65955352783203,342.1981506347656,158.5377655029297,268.4784851074219,297.27667236328125,204.58258056640625,-0.38024118617448394,0.7732785861173984,7.0,True,0.0
2022-08-02,156.72592163085938,134.16000366210938,29.838991165161133,114.11808013916016,102.04399871826172,340.7045593261719,158.79550170898438,265.39788818359375,300.586669921875,199.6461181640625,-0.9861292346129215,0.723369623845227,8.0,True,0.0
2022-08-03,162.72036743164062,139.52000427246094,30.380859375,117.04216003417969,103.114990234375,345.70269775390625,167.33056640625,272.78558349609375,307.39666748046875,201.79493713378906,-0.5032022979197719,0.8860797311633252,9.0,True,0.0
2022-08-04,162.40692138671875,142.57000732421875,30.164108276367188,117.15119934082031,101.98046112060547,347.5965881347656,169.0851593017578,273.9250793457031,308.6333312988281,206.62493896484375,1.6939076508509425,0.8922680736929581,12.0,True,0.0
2022-08-05,162.1813507080078,140.8000030517578,30.66985321044922,116.43751525878906,105.06639099121094,349.0023193359375,165.6553192138672,273.2104797363281,288.1700134277344,208.94796752929688,1.4959231627768979,0.7402103738900505,13.0,True,0.0
2022-08-08,161.71051025390625,139.41000366210938,30.245389938354492,116.26902770996094,103.7866439819336,343.7796325683594,168.76795959472656,270.7092590332031,290.42333984375,206.47976684570312,0.9820121694481214,0.15952691182035117,3.0,True,0.0
2022-08-09,161.7595977783203,137.8300018310547,30.633729934692383,115.60490417480469,104.72149658203125,338.2933044433594,167.0629425048828,272.6214599609375,283.3333435058594,203.51783752441406,0.5421646723319274,0.5149985997255587,4.0,True,0.0
2022-08-10,165.996826171875,142.69000244140625,31.672311782836914,118.64791107177734,107.45342254638672,344.9705505371094,176.7875213623047,279.2462463378906,294.3566589355469,205.2989044189453,0.14337260166391644,0.6490809761728091,5.0,True,0.0
2022-08-11,165.2611846923828,140.63999938964844,32.43093490600586,117.79548645019531,109.04177856445312,342.2372131347656,175.94491577148438,277.1795654296875,286.6300048828125,204.6734619140625,-0.22465609842734433,0.6507611469214607,6.0,True,0.0
2022-08-12,168.802001953125,143.5500030517578,32.78314971923828,120.61051940917969,110.84793090820312,345.83941650390625,178.92869567871094,281.9019470214844,300.0299987792969,204.91586303710938,-1.2444570606185987,0.5607140788882219,18.0,True,0.0
2022-08-15,169.87109375,143.17999267578125,32.73799133300781,121.00701141357422,111.1474380493164,351.3842468261719,179.3153533935547,283.4084777832031,309.32000732421875,209.85137939453125,1.7623255424616546,0.5182149511362985,81.0,True,0.0
2022-08-16,169.71417236328125,144.77999877929688,33.09020233154297,120.63034057617188,112.20938873291016,350.70086669921875,177.90768432617188,282.67449951171875,306.5633239746094,210.54949951171875,1.533781425220145,0.3436083605885478,82.0,True,0.0
2022-08-17,171.20501708984375,142.10000610351562,32.88249206542969,118.49925231933594,111.26541900634766,346.8741760253906,173.3279266357422,281.9293212890625,303.9966735839844,208.00906372070312,0.5343756457526861,0.39850111568087077,83.0,True,0.0
2022-08-18,170.8126983642578,142.3000030517578,32.76508712768555,119.1137924194336,110.40320587158203,348.8558044433594,173.13955688476562,280.81640625,302.8699951171875,208.71690368652344,0.4056976081849171,0.35062464253922354,84.0,True,0.0
2022-08-19,168.233154296875,138.22999572753906,32.04259490966797,116.17980194091797,107.67125701904297,345.84918212890625,166.4978790283203,276.9259338378906,296.6666564941406,206.3606719970703,-0.6329370272058434,0.31367815400637417,85.0,True,0.0
2022-08-22,164.35882568359375,133.22000122070312,31.356224060058594,113.23590087890625,105.89231872558594,337.2878723144531,161.63064575195312,268.79681396484375,289.913330078125,202.2784423828125,-1.7148913213340085,0.26984808742505917,86.0,True,0.0
2022-08-23,164.02529907226562,133.6199951171875,31.076255798339844,112.85926818847656,104.84854888916016,332.77783203125,159.70751953125,267.5289611816406,296.4533386230469,200.52337646484375,-1.3162853622660096,0.2819762722925543,87.0,True,0.0
2022-08-24,164.319580078125,133.8000030517578,31.175600051879883,112.69075012207031,105.10269927978516,331.6258850097656,161.8388214111328,266.8998718261719,297.0966796875,200.39727783203125,-0.8968632619323761,0.29381442993023715,88.0,True,0.0
2022-08-25,166.7716522216797,137.27999877929688,31.735538482666016,115.62472534179688,107.59864044189453,336.46783447265625,167.31072998046875,269.86126708984375,296.07000732421875,203.45169067382812,0.38077950490666396,0.2953205392165176,89.0,True,0.0
2022-08-26,160.48451232910156,130.75,30.733074188232422,109.37019348144531,104.07707977294922,324.0602722167969,160.3717041015625,259.44805908203125,288.0899963378906,196.73204040527344,-1.4408916520127755,0.23327091927623295,90.0,True,0.0
2022-08-29,158.28744506835938,129.7899932861328,30.61566925048828,108.45828247070312,103.82292938232422,321.5124206542969,157.78440856933594,256.68035888671875,284.82000732421875,196.18902587890625,-0.5693656247038916,0.4627866094811266,7.0,True,0.0
2022-08-30,155.86474609375,128.72999572753906,30.787256240844727,107.98250579833984,103.84110260009766,320.00909423828125,155.7919158935547,254.4931640625,277.70001220703125,195.2678680419922,0.06881746813246055,0.45484042911313405,30.0,True,0.0
2022-08-31,154.20712280273438,126.7699966430664,30.3537654876709,107.26882934570312,103.22390747070312,316.6509094238281,161.5116729736328,253.04153442382812,275.6099853515625,192.6789093017578,-0.16000047086137992,0.5958662035676691,31.0,True,0.0
2022-09-01,154.93299865722656,127.81999969482422,30.426494598388672,108.77546691894531,103.93186950683594,317.5099792480469,163.92050170898438,252.00604248046875,277.1600036621094,194.05581665039062,1.0332367127497248,0.3180665777154405,94.0,True,0.0
2022-09-02,152.82415771484375,127.51000213623047,30.39012908935547,106.90206909179688,103.20575714111328,314.884033203125,158.92440795898438,247.805908203125,270.2099914550781,191.7577362060547,0.9054196521284581,0.08747964755748355,95.0,True,0.0
2022-09-06,151.56871032714844,126.11000061035156,30.053768157958984,105.87120819091797,103.23297882080078,316.3678283691406,157.15989685058594,245.0865020751953,274.4200134277344,192.61099243164062,1.0793425633336988,0.43094155564136233,96.0,True,0.0
2022-09-07,152.9712677001953,129.47999572753906,30.517391204833984,108.4880142211914,105.19344329833984,320.7997741699219,158.99380493164062,249.77047729492188,283.70001220703125,194.33700561523438,0.8521225902014349,0.6231543150410221,97.0,True,0.0
2022-09-08,151.50006103515625,129.82000732421875,31.499187469482422,107.42740631103516,107.6440200805664,322.21527099609375,160.64923095703125,250.18666076660156,289.260009765625,194.6182098388672,0.5143094800187666,0.07293810740463272,5.0,True,0.0
2022-09-09,154.3542938232422,133.27000427246094,31.762813568115234,109.67747497558594,108.16136932373047,327.8577880859375,167.6775360107422,255.9351043701172,299.67999267578125,198.971923828125,1.976428635116672,0.36395410475721074,6.0,True,0.0
2022-09-12,160.29812622070312,136.4499969482422,32.06281280517578,109.88562774658203,109.44113159179688,330.3666687011719,167.48919677734375,258.05450439453125,304.4200134277344,200.3585205078125,1.3875514378018055,0.4887455171835223,7.0,True,0.0
2022-09-13,150.8919219970703,126.81999969482422,30.908294677734375,103.4030990600586,105.63818359375,317.69549560546875,151.79698181152344,243.8671417236328,292.1300048828125,193.6097412109375,0.28301195015354763,0.8792949492072717,8.0,True,0.0
2022-09-14,152.333740234375,128.5500030517578,30.79012107849121,104.0771255493164,105.39312744140625,318.0957336425781,150.15142822265625,244.08969116210938,302.6099853515625,193.35763549804688,-0.25328458666022974,0.2156268149611109,9.0,True,0.0
2022-09-15,149.45005798339844,126.27999877929688,31.371917724609375,102.0054931640625,106.98147583007812,309.417236328125,148.2481231689453,237.4701690673828,303.75,189.44024658203125,-0.35998922644701015,0.6366121607666329,10.0,True,0.0
2022-09-16,147.81210327148438,123.52999877929688,31.01738166809082,101.8964614868164,106.26445007324219,307.630859375,145.01654052734375,236.85086059570312,303.3500061035156,187.43309020996094,-1.489462452853117,0.003962797713559812,104.0,False,0.0
2022-09-19,151.51962280273438,124.66000366210938,31.535551071166992,102.1640853881836,107.24468994140625,306.5569763183594,146.73146057128906,236.63790893554688,309.07000732421875,187.2682647705078,-0.5597047156805505,1.2410518020471508e-07,105.0,False,1.0
2022-09-20,153.8932647705078,122.19000244140625,31.062835693359375,100.25106048583984,105.12992858886719,305.8150939941406,144.81826782226562,234.63462829589844,308.7300109863281,186.2404327392578,-1.0519069131728467,0.0027834240071717125,5.0,True,1.0
2022-09-21,150.77423095703125,118.54000091552734,30.135589599609375,98.40740203857422,102.09845733642578,297.2538146972656,140.88282775878906,231.24746704101562,300.79998779296875,181.34368896484375,-1.303837253568279,0.028117435125987265,6.0,False,0.0
2022-09-22,149.81301879882812,117.30999755859375,29.544692993164062,99.25984191894531,100.93669891357422,291.2599182128906,141.57675170898438,233.21200561523438,288.5899963378906,180.1510467529297,1.478217166523708,0.0848106473298798,108.0,False,1.0
2022-09-23,147.54725646972656,113.77999877929688,28.844709396362305,97.87213897705078,99.05792236328125,286.5936584472656,139.18771362304688,230.25070190429688,275.3299865722656,178.37660217285156,1.440520197014416,0.020804656958202748,109.0,False,-1.0
2022-09-26,147.8807830810547,115.1500015258789,28.208364486694336,97.30715942382812,96.92500305175781,283.2061767578125,135.18289184570312,229.79576110839844,276.010009765625,175.10885620117188,-0.24821801499875135,0.01618837784532781,110.0,False,-1.0
2022-09-27,148.85174560546875,114.41000366210938,27.790193557739258,96.64305114746094,96.07183837890625,279.6626281738281,133.23001098632812,228.78936767578125,282.94000244140625,172.47145080566406,-0.7499591972060694,0.013577345464587214,111.0,False,-1.0
2022-09-28,146.96856689453125,118.01000213623047,28.24472427368164,99.17064666748047,98.01415252685547,283.2745666503906,140.3772735595703,233.29913330078125,287.80999755859375,173.74166870117188,-0.8647981266721115,0.0009826573034008535,112.0,False,-1.0
2022-09-29,139.74961853027344,114.80000305175781,27.872005462646484,96.56375122070312,96.35321807861328,279.9456787109375,135.2225341796875,229.84420776367188,268.2099914550781,174.59494018554688,1.224288570557291,0.07941460846036702,113.0,False,1.0
2022-09-30,135.55162048339844,113.0,27.453842163085938,94.8093032836914,94.8465576171875,277.5735778808594,134.49888610839844,225.39247131347656,265.25,172.25807189941406,0.20402133647463844,0.009942932046594919,114.0,False,-1.0
2022-10-03,139.72021484375,115.87999725341797,28.26290512084961,97.77302551269531,97.7781753540039,283.56744384765625,137.40338134765625,232.9797821044922,242.39999389648438,176.13670349121094,0.9374844831742691,0.007035116555812386,115.0,False,-1.0
2022-10-04,143.30023193359375,121.08999633789062,29.435606002807617,100.74666595458984,102.35260009765625,294.10064697265625,139.05882263183594,240.85736083984375,249.44000244140625,180.01528930664062,-0.5045066192913034,0.014103443874874349,116.0,False,-1.0
2022-10-05,143.59449768066406,120.94999694824219,29.017436981201172,100.53850555419922,101.08885955810547,296.9609069824219,137.77015686035156,241.16705322265625,240.80999755859375,181.97398376464844,-0.1693591855007317,0.0034006840370288186,117.0,False,-1.0
2022-10-06,142.64309692382812,120.30000305175781,28.599260330200195,100.5285873413086,99.02845001220703,292.58050537109375,137.85939025878906,238.83470153808594,238.1300048828125,179.9570770263672,-0.1426788498596565,0.0004843202742201215,118.0,False,0.0
2022-10-07,137.40542602539062,114.55999755859375,27.953821182250977,97.81267547607422,97.05044555664062,288.41510009765625,132.28826904296875,226.6892547607422,223.07000732421875,178.25051879882812,0.891869694201705,0.00016191973192928365,119.0,False,0.0
2022-10-10,137.72909545898438,113.66999816894531,27.872005462646484,96.99987030029297,96.14383697509766,285.2959899902344,132.6253204345703,221.86012268066406,222.9600067138672,176.65060424804688,0.7145144598733087,5.425662986712424e-05,120.0,False,-1.0
2022-10-11,136.31666564941406,112.20999908447266,27.06294059753418,96.32586669921875,93.36915588378906,279.6933898925781,127.4210433959961,218.1439208984375,216.5,173.70286560058594,0.7618493249828372,3.806651425056025e-05,121.0,False,-1.0
2022-10-12,135.68893432617188,112.9000015258789,27.144752502441406,96.70252227783203,94.88013458251953,277.0826416015625,126.39009094238281,218.4729461669922,217.24000549316406,172.83016967773438,1.2988743137306367,1.9078772318306533e-05,122.0,False,-1.0
2022-10-13,140.24984741210938,112.52999877929688,28.808349609375,98.18933868408203,100.1548080444336,287.42755126953125,129.1558074951172,226.6892547607422,221.72000122070312,179.05532836914062,1.7547402378010772,0.0003460615744725099,5.0,True,-1.0
2022-10-14,135.72817993164062,106.9000015258789,28.817440032958984,95.7113037109375,101.82147216796875,282.2747497558594,125.65653991699219,221.1923828125,204.99000549316406,177.0772705078125,1.6059684551845614,0.0016063171326519269,6.0,False,0.0
2022-10-17,139.6809539794922,113.79000091552734,30.562847137451172,99.09135437011719,106.09798431396484,288.48358154296875,132.87315368652344,229.8732452392578,219.35000610351562,179.62742614746094,0.4189883951076335,0.04072739635925657,7.0,False,-1.0
2022-10-18,140.99526977539062,116.36000061035156,31.708274841308594,99.8843002319336,108.82689666748047,293.7049255371094,131.6439666748047,230.8119659423828,220.19000244140625,181.48915100097656,-0.8474891134957101,0.03495776203022334,126.0,False,-1.0
2022-10-19,141.1031494140625,115.06999969482422,30.835567474365234,98.75431823730469,106.6932144165039,291.1431579589844,132.0702362060547,228.85708618164062,222.0399932861328,180.75222778320312,-0.2607531398204509,0.035868637704501716,127.0,False,1.0
2022-10-20,140.64219665527344,115.25,30.63557243347168,99.09135437011719,106.34524536132812,289.6960754394531,130.38502502441406,228.53770446777344,207.27999877929688,181.53761291503906,1.4354060038409073,0.054958196790547205,128.0,False,1.0
2022-10-21,144.44781494140625,119.31999969482422,31.771900177001953,100.24114227294922,111.93126678466797,295.65069580078125,128.8782501220703,234.3152618408203,214.44000244140625,184.592041015625,0.993835245396183,0.9747138974348843,129.0,False,-1.0
2022-10-24,146.58604431152344,119.81999969482422,31.880998611450195,101.6189193725586,112.0686264038086,298.8089904785156,128.5907745361328,239.27987670898438,211.25,184.92173767089844,-0.514476265587922,0.732086542848496,130.0,False,-1.0
2022-10-25,149.42066955566406,120.5999984741211,32.17189407348633,103.56169891357422,112.3616714477539,304.48980712890625,136.31295776367188,242.57997131347656,222.4199981689453,188.48033142089844,0.1503682706329732,0.9721690576443988,131.0,False,-1.0
2022-10-26,146.4879608154297,115.66000366210938,32.45370864868164,94.09561920166016,113.6528549194336,312.4098815917969,128.6898956298828,223.86341857910156,224.63999938964844,197.15867614746094,1.8963395544571404,0.9851961344488672,132.0,False,0.0
2022-10-27,142.02516174316406,110.95999908447266,32.608245849609375,91.40945434570312,114.10157012939453,312.2729187011719,97.0874252319336,219.44068908691406,225.08999633789062,198.0895538330078,1.2650334428996646,0.9935606782207431,15.0,True,-1.0
2022-10-28,152.75550842285156,103.41000366210938,32.89006042480469,95.44368743896484,115.45685577392578,322.1485290527344,98.33645629882812,228.26675415039062,228.52000427246094,202.98623657226562,-0.004872276820671294,0.980935650953608,134.0,True,0.0
2022-10-31,150.40145874023438,102.44000244140625,32.762786865234375,93.6793212890625,115.27371978759766,320.8871765136719,92.34904479980469,224.6472930908203,227.5399932861328,200.8724365234375,-0.853622480729526,0.7331955605529137,135.0,True,0.0
2022-11-01,147.76303100585938,96.79000091552734,32.90823745727539,89.67484283447266,117.35246276855469,325.7857666015625,94.37126922607422,220.81491088867188,227.82000732421875,200.64939880371094,-1.5744778192224484,0.48090632736203587,136.0,True,0.0
2022-11-02,142.250732421875,92.12000274658203,32.80824661254883,86.2055892944336,116.27188110351562,312.71295166015625,89.7518539428711,213.00506591796875,214.97999572753906,194.85093688964844,-0.6776137292526038,0.011166326470680634,137.0,False,0.0
2022-11-03,136.21861267089844,89.30000305175781,32.62643814086914,82.69671630859375,116.48249816894531,302.2995910644531,88.13601684570312,207.34364318847656,215.30999755859375,188.83909606933594,-0.2894886115725451,0.003139637287217663,138.0,False,0.0
2022-11-04,135.95333862304688,90.9800033569336,33.44459533691406,85.81903839111328,119.66926574707031,311.295166015625,89.9996566772461,214.25347900390625,207.47000122070312,191.00140380859375,-1.3284034632987043,0.005796103068576014,5.0,True,0.0
2022-11-07,136.48382568359375,90.52999877929688,33.644588470458984,87.71222686767578,120.30116271972656,317.90496826171875,95.8780288696289,220.5246124267578,197.0800018310547,194.02670288085938,-1.2721648825084726,0.024775356932505162,6.0,False,0.0
2022-11-08,137.05368041992188,89.9800033569336,33.73550033569336,88.1186294555664,120.37442016601562,318.5111999511719,95.63021087646484,221.49237060546875,191.3000030517578,195.65570068359375,-0.3307910639912707,0.36349563568412135,7.0,False,1.0
2022-11-09,132.50489807128906,86.13999938964844,33.19914245605469,86.55252075195312,118.80850219726562,308.62579345703125,100.58668518066406,217.2728729248047,177.58999633789062,188.46426391601562,-0.6647156865383583,0.06268826195848522,8.0,False,1.0
2022-11-10,144.29444885253906,96.62999725341797,34.662742614746094,93.11433410644531,123.69856262207031,329.775146484375,110.89616394042969,235.1475067138672,190.72000122070312,199.77622985839844,-0.8880746420152889,0.285437269456502,9.0,False,1.0
2022-11-11,147.07481384277344,100.79000091552734,34.917274475097656,95.56262969970703,123.9000473022461,331.7502746582031,112.03614807128906,239.14442443847656,195.97000122070312,199.22225952148438,-1.4823512428740686,0.8324837204578803,10.0,False,1.0
2022-11-14,145.67971801757812,98.48999786376953,34.326385498046875,94.8588638305664,122.62715148925781,331.82843017578125,113.2257080078125,233.76364135742188,190.9499969482422,201.02984619140625,0.7566736371531914,0.8235855350572843,11.0,False,1.0
2022-11-15,147.4088592529297,98.94000244140625,34.27184295654297,97.57479095458984,121.73886108398438,335.8764953613281,116.0608139038086,234.1701202392578,194.4199981689453,204.07164001464844,1.2277192889865838,0.6624091701214622,13.0,False,1.0
2022-11-16,146.1807861328125,97.12000274658203,33.9627571105957,97.9811782836914,121.90369415283203,335.1432189941406,112.24433135986328,234.59713745117188,186.9199981689453,204.21742248535156,1.3243458135192225,0.6281626237573036,3.0,True,-1.0
2022-11-17,148.07691955566406,94.8499984741211,33.790042877197266,97.49549102783203,121.37255096435547,333.68621826171875,110.47982025146484,234.548583984375,183.1699981689453,205.04345703125,1.4158208581812655,0.5368290464659682,4.0,True,0.0
2022-11-18,148.63693237304688,94.13999938964844,33.80821228027344,96.57366180419922,122.56304931640625,336.0525207519531,111.07460021972656,234.1021728515625,180.19000244140625,204.85882568359375,0.49534357494214337,0.5116658878422528,5.0,True,0.0
2022-11-21,145.4144744873047,92.45999908447266,33.91730880737305,94.7597427368164,121.83960723876953,330.7333679199219,108.90365600585938,234.9076690673828,167.8699951171875,200.50509643554688,-0.7067692668187431,0.5000650751054259,6.0,True,0.0
2022-11-22,147.54638671875,93.19999694824219,34.08094787597656,96.1969985961914,123.66194915771484,337.2942199707031,110.46991729736328,237.79974365234375,169.91000366210938,204.40206909179688,-0.4894887375724051,0.5625627274309586,151.0,True,0.0
2022-11-23,148.42080688476562,94.12999725341797,34.19002914428711,97.5946044921875,124.98059844970703,340.8924255371094,111.262939453125,240.27450561523438,183.1999969482422,205.76258850097656,-0.7402769727114272,0.529069612775582,152.0,True,0.0
2022-11-25,145.51268005371094,93.41000366210938,34.27184295654297,96.6033935546875,125.21870422363281,343.4836120605469,110.44017028808594,240.1871795654297,182.86000061035156,207.76455688476562,0.1617969133186777,0.5232358592860766,153.0,True,0.0
2022-11-28,141.69091796875,93.94999694824219,33.50823211669922,95.20578002929688,123.03006744384766,336.93243408203125,107.83306121826172,234.626220703125,182.9199981689453,205.3058319091797,1.5721104830806916,0.48193318580610633,154.0,True,0.0
2022-11-29,138.69439697265625,92.41999816894531,33.63549041748047,94.35334777832031,125.0538558959961,335.50494384765625,108.50714874267578,233.23843383789062,180.8300018310547,203.16786193847656,0.00237859539282673,0.4886497826681307,155.0,True,0.0
2022-11-30,145.43409729003906,96.54000091552734,34.408199310302734,100.10237121582031,126.53734588623047,348.4801025390625,117.07192993164062,247.61138916015625,194.6999969482422,210.88406372070312,1.187019083789937,0.505084485859451,156.0,True,0.0
2022-12-01,145.70921325683594,95.5,33.4206657409668,100.10237121582031,124.76081085205078,352.7822265625,119.39154815673828,247.17471313476562,194.6999969482422,210.88406372070312,-0.9573552021001345,0.4458348051471959,157.0,True,0.0
2022-12-02,145.21795654296875,94.12999725341797,32.99091720581055,99.55720520019531,123.77182006835938,352.0587158203125,122.41500854492188,247.49496459960938,194.86000061035156,211.52548217773438,0.29221394823225044,0.373258035951035,158.0,True,0.0
2022-12-05,144.0586700439453,91.01000213623047,31.518760681152344,98.60564422607422,120.30116271972656,348.1769104003906,121.36422729492188,242.81716918945312,182.4499969482422,207.65762329101562,-1.3385265692341999,0.30509914571312197,159.0,True,0.0
2022-12-06,140.40391540527344,88.25,30.174617767333984,96.12761688232422,120.50260925292969,339.8070983886719,113.12657165527344,237.88710021972656,179.82000732421875,203.18731689453125,-1.2309148600069015,0.36264147631652643,160.0,True,0.0
2022-12-07,138.4684295654297,88.45999908447266,29.936878204345703,94.10555267333984,120.42021179199219,339.69964599609375,112.93821716308594,237.15921020507812,174.0399932861328,201.95306396484375,-1.3551363681053679,0.38423889752569335,3.0,True,0.0
2022-12-08,140.1484375,90.3499984741211,29.66255760192871,92.88634490966797,121.68394470214844,343.3663024902344,114.32604217529297,240.0998077392578,173.44000244140625,203.20675659179688,-1.0428313965169147,0.429383559252295,4.0,True,0.0
2022-12-09,139.6670379638672,89.08999633789062,29.607702255249023,92.01409912109375,121.02460479736328,341.0782165527344,114.89107513427734,238.17825317382812,179.0500030517578,202.81797790527344,-0.25772524861904555,0.03611651635492713,5.0,False,0.0
2022-12-12,141.95623779296875,90.55000305175781,29.927732467651367,92.48986053466797,122.90187072753906,350.2107238769531,113.71143341064453,245.0590057373047,167.82000732421875,208.54200744628906,1.7272379043103745,0.04453653819694565,164.0,False,0.0
2022-12-13,142.91903686523438,92.48999786376953,29.946020126342773,94.78947448730469,122.78282928466797,349.2134094238281,119.10408020019531,249.3389129638672,160.9499969482422,207.03564453125,0.621222896774261,0.0730926086819813,165.0,False,-1.0
2022-12-14,140.6986541748047,91.58000183105469,29.51625633239746,94.23440551757812,122.16928100585938,349.56536865234375,120.53153228759766,249.63002014160156,156.8000030517578,207.30784606933594,0.6613233741902356,0.06229007732176055,166.0,False,-1.0
2022-12-15,134.10629272460938,88.44999694824219,29.0499210357666,90.06140899658203,119.13818359375,338.5555419921875,115.13890838623047,241.6622772216797,157.6699981689453,202.05027770996094,0.09445295544826479,0.07888512665027331,167.0,False,-1.0
2022-12-16,132.15121459960938,87.86000061035156,28.985919952392578,89.46668243408203,118.39640045166016,338.1546936035156,118.39034271240234,237.4698028564453,150.22999572753906,201.0590057373047,-0.9683494678546772,0.2573490949924239,168.0,False,0.0
2022-12-19,130.04872131347656,84.91999816894531,29.315095901489258,87.66268157958984,119.10150909423828,333.676513671875,113.48343658447266,233.3549041748047,149.8699951171875,199.04736328125,-0.9216528534722624,0.3138937571220174,169.0,False,1.0
2022-12-20,129.9799346923828,85.19000244140625,29.433963775634766,88.2375717163086,119.67843627929688,335.3289489746094,116.07071685791016,234.66505432128906,137.8000030517578,199.57212829589844,-0.8824715081974396,0.45590595786098204,3.0,True,1.0
2022-12-21,133.07469177246094,86.7699966430664,29.88201141357422,88.79267120361328,121.02460479736328,338.008056640625,118.71748352050781,237.21742248535156,137.57000732421875,200.9812469482422,-0.16540493735287112,0.6306091624103982,4.0,True,0.0
2022-12-22,129.91116333007812,83.79000091552734,29.616838455200195,86.98866271972656,119.65099334716797,333.9306640625,116.10044860839844,231.16159057617188,125.3499984741211,199.28057861328125,1.0030619897333528,0.9081994327033005,172.0,True,0.0
2022-12-23,129.54766845703125,85.25,29.689990997314453,88.44574737548828,120.21874237060547,335.9644775390625,117.01244354248047,231.68563842773438,123.1500015258789,200.02890014648438,1.0875692327749595,0.7966007639161778,173.0,True,0.0
2022-12-27,127.74976348876953,83.04000091552734,29.744850158691406,86.62190246582031,120.63997650146484,338.4676513671875,115.86254119873047,229.96791076660156,109.0999984741211,200.47593688964844,-1.423643654505116,0.8560109679576329,174.0,True,0.0
2022-12-28,123.8297348022461,81.81999969482422,29.96430778503418,85.26395416259766,121.29931640625,334.3511657714844,114.61353302001953,227.60955810546875,112.70999908447266,199.2126007080078,1.026426272114344,0.8993521246288222,175.0,True,0.0
2022-12-29,127.33712005615234,84.18000030517578,30.302631378173828,87.6725845336914,121.99530029296875,340.47198486328125,119.21311950683594,233.89837646484375,121.81999969482422,202.196044921875,0.8880604094116012,0.8463296876654167,176.0,True,0.0
2022-12-30,127.65153503417969,84.0,30.284337997436523,87.45452117919922,122.8011474609375,340.0027770996094,119.29242706298828,232.7434844970703,123.18000030517578,201.90447998046875,0.7115450632133542,0.811551961484216,177.0,True,0.0
